district,Rice,Wheat,jowar,bajra,maize,barley,small millets,ragi,arhar,moong,masur,urd,peas,khesari,other pulses,gram products,besan,other pulse products
Kupwara,8.5772,0,0,4.2886,0,0,0,0,0,0,2.57316,0,0,0,0,0,0,0
Baramula,16.3437,0,0,2.670523131,5.501326869,0,0,0,0,0,0,0,4.90311,0,0,0,0,0
Srinagar,16.6121,0,4.19815195,0.66571159,0,1.399383983,1.399383983,0.643418494,0.945804689,0,0,1.399383983,0,0,0,1.399383983,0.793550229,0.445507115
Badgam,8.4411,0,0,4.22055,0,0,0,0,0,0,2.53233,0,0,0,0,0,0,0
Pulwama,9.9548,0,2.515742322,0.398927633,0,0.838580774,0.838580774,0.385568496,0.566773407,0,0,0.838580774,0,0,0,0.838580774,0.47553493,0.266970114
Anantnag,17.211,0,0,8.6055,0,0,0,0,0,0,5.1633,0,0,0,0,0,0,0
Leh,0.7439,0.7439,0.375991625,0.059621944,0,0.125330542,0.125330542,0.057625347,0.084707425,0,0,0.125330542,0,0,0,0.125330542,0.071071329,0.039900162
Kargil,2.1566,0,0.545008427,0.086423367,0,0.181669476,0.181669476,0.083529254,0.122785343,0,0,0.181669476,0,0,0,0.181669476,0.103019511,0.057836194
Doda,6.55995,6.55995,3.315615351,0.525765526,0,1.105205117,1.105205117,0.50815889,0.746977381,0,0,1.105205117,0,0,0,1.105205117,0.626729892,0.351852493
Udhampur,8.09925,8.09925,4.093628401,0.649137026,0,1.3645428,1.3645428,0.627398972,0.922256504,0,0,1.3645428,0,0,0,1.3645428,0.7737928,0.434415095
Punch,3.6256,3.6256,1.832497963,0.290583844,0,0.610832654,0.610832654,0.280852883,0.412844792,0,0,0.610832654,0,0,0,0.610832654,0.346385551,0.194464348
Rajauri,4.767,4.767,0,1.557833754,3.209166246,0,0,0,0,0,0,0,2.8602,0,0,0,0,0
Jammu,16.67465,16.67465,8.427918735,1.336436425,0,2.809306245,2.809306245,1.29168235,1.898731908,0,0,2.809306245,0,0,0,2.809306245,1.593076411,0.894369191
Kathua,5.9863,5.9863,3.025673698,0.479788743,0,1.008557899,1.008557899,0.46372176,0.681656216,0,0,1.008557899,0,0,0,1.008557899,0.571924047,0.321083938
Chamba,4.81305,4.81305,2.432674405,0.385755343,0,0.810891468,0.810891468,0.372837315,0.548058976,0,0,0.810891468,0,0,0,0.810891468,0.459833125,0.258154962
Kangra,15.4532,15.4532,7.810557571,1.238539901,0,2.60351919,2.60351919,1.197064148,1.759646165,0,0,2.60351919,0,0,0,2.60351919,1.476380517,0.828854937
Lahul,0.3033,0.3033,0.153297835,0.024308826,0,0.051099278,0.051099278,0.023494781,0.03453658,0,0,0.051099278,0,0,0,0.051099278,0.028976925,0.016267938
Kullu,4.1242,4.1242,2.084506868,0.330545535,0,0.694835623,0.694835623,0.319476352,0.46962006,0,0,0.694835623,0,0,0,0.694835623,0.394021208,0.221207487
Mandi,11.15145,11.15145,5.63631107,0.893764125,0,1.878770357,1.878770357,0.863834092,1.269808598,0,0,1.878770357,0,0,0,1.878770357,1.065396392,0.598124297
Hamirpur,4.955,4.955,2.504420623,0.397132323,0,0.834806874,0.834806874,0.383833307,0.564222734,0,0,0.834806874,0,0,0,0.834806874,0.473394861,0.265768657
Una,0,10.0262,2.533786281,0.40178891,0,0.844595427,0.844595427,0.388333955,0.570838544,0,0,0.844595427,0,0,0,0.844595427,0.478945666,0.268884936
Bilaspur,3.98985,3.98985,2.016601942,0.319777679,0,0.672200647,0.672200647,0.309069085,0.45432171,0,0,0.672200647,0,0,0,0.672200647,0.381185567,0.214001428
Solan,5.03055,5.03055,0,5.03055,0,0,0,0,0,0,0,0,0,0,0,0,3.01833,0
Sirmaur,4.61515,4.61515,0,1.50820987,3.10694013,0,0,0,0,0,0,0,2.76909,0,0,0,0,0
Shimla,8.05335,8.05335,0,2.631797874,5.421552126,0,0,0,0,0,0,0,4.83201,0,0,0,0,0
Kinnaur,0.8944,0.8944,0,0.292285821,0.602114179,0,0,0,0,0,0,0,0.53664,0,0,0,0,0
Gurdaspur,0,33.6969,8.515762994,1.350366111,0,2.838587665,2.838587665,1.305145565,1.918522405,0,0,2.838587665,0,0,0,2.838587665,1.609681058,0.903691208
Amritsar,0,33.7777,8.536182488,1.353604082,0,2.845394163,2.845394163,1.308275104,1.923122727,0,0,2.845394163,0,0,0,2.845394163,1.613540826,0.905858121
Kapurthala,0,15.4511,3.904748081,0.619185795,0,1.301582694,1.301582694,0.598450737,0.87970352,0,0,1.301582694,0,0,0,1.301582694,0.738089943,0.41437115
Jalandhar,0,37.4216,9.457056182,1.499629357,0,3.152352061,3.152352061,1.449410339,2.130587028,0,0,3.152352061,0,0,0,3.152352061,1.787607782,1.003581068
Hoshiarpur,0,28.5328,7.210709661,1.143420498,0,2.403569887,2.403569887,1.105130067,1.624505995,0,0,2.403569887,0,0,0,2.403569887,1.362995044,0.765199187
Nawanshahr,0,12.9174,3.264440257,0.517650562,0,1.088146752,1.088146752,0.500315676,0.735448107,0,0,1.088146752,0,0,0,1.088146752,0.617056587,0.346421802
Rupnagar,0,12.6439,3.195322292,0.506690351,0,1.065107431,1.065107431,0.489722497,0.71987647,0,0,1.065107431,0,0,0,1.065107431,0.603991653,0.339087016
Fatehgarh,0,11.7989,2.98177684,0.472827907,0,0.993925613,0.993925613,0.456994026,0.671766661,0,0,0.993925613,0,0,0,0.993925613,0.563626501,0.316425612
Ludhiana,0,44.2857,11.191727584,1.774700595,0,3.730575861,3.730575861,1.715270097,2.521392403,0,0,3.730575861,0,0,0,3.730575861,2.115501795,1.187664079
Moga,0,15.157,0,2.47661907,5.10188093,0,0,0,0,0,0,0,4.5471,0,0,0,0,0
Firozpur,0,36.1616,9.138633379,1.449136246,0,3.046211126,3.046211126,1.400608123,2.058849324,0,0,3.046211126,0,0,0,3.046211126,1.727418325,0.969790099
Muktsar,0,15.9617,4.033785131,0.639647527,0,1.344595044,1.344595044,0.618227254,0.90877437,0,0,1.344595044,0,0,0,1.344595044,0.762481004,0.428064539
Faridkot,0,10.5313,2.661433391,0.422030235,0,0.887144464,0.887144464,0.407897447,0.599596254,0,0,0.887144464,0,0,0,0.887144464,0.503073996,0.282430823
Bathinda,0,25.3283,6.400879602,1.015003694,0,2.133626534,2.133626534,0.981013636,1.442058795,0,0,2.133626534,0,0,0,2.133626534,1.209917967,0.67926017
Mansa,0,14.0295,3.545486289,0.562216743,0,1.181828763,1.181828763,0.543389442,0.798765171,0,0,1.181828763,0,0,0,1.181828763,0.670180948,0.376246355
Sangrur,0,24.3775,6.160596743,0.976901432,0,2.053532248,2.053532248,0.944187329,1.387925296,0,0,2.053532248,0,0,0,2.053532248,1.164498811,0.653761397
Patiala,0,37.4308,9.459381174,1.499998037,0,3.153127058,3.153127058,1.449766673,2.131110827,0,0,3.153127058,0,0,0,3.153127058,1.788047261,1.003827796
SJAS Nagar (Mohali),0,11.7181,2.961357346,0.469589936,0,0.987119115,0.987119115,0.453864487,0.667166338,0,0,0.987119115,0,0,0,0.987119115,0.559766732,0.314258699
Barnala,0,10.7995,2.729211959,0.432778054,0,0.90973732,0.90973732,0.418285347,0.614866136,0,0,0.90973732,0,0,0,0.90973732,0.515885752,0.289623473
Tarn Taran,0,12.7667,3.226355879,0.511611425,0,1.07545196,1.07545196,0.494478776,0.72686805,0,0,1.07545196,0,0,0,1.07545196,0.609857737,0.342380294
Chandigarh,0,10.6128,2.682029786,0.425296258,0,0.894009929,0.894009929,0.411054098,0.604236431,0,0,0.894009929,0,0,0,0.894009929,0.506967203,0.284616509
Uttarkashi,3.4314,3.4314,1.734342871,0.275019143,0,0.57811429,0.57811429,0.265809406,0.39073136,0,0,0.57811429,0,0,0,0.57811429,0.327831912,0.184048147
Chamoli,4.5866,4.5866,2.318219097,0.367605875,0,0.772739699,0.772739699,0.355295629,0.522273257,0,0,0.772739699,0,0,0,0.772739699,0.438198359,0.246008986
Rudraprayag,2.61665,2.61665,1.322541316,0.209718727,0,0.440847105,0.440847105,0.202695746,0.29795629,0,0,0.440847105,0,0,0,0.440847105,0.249991657,0.140347842
Tehri,6.6934,6.6934,0,2.187372446,4.506027554,0,0,0,0,0,0,0,4.01604,0,0,0,0,0
Dehradun,15.56435,15.56435,7.866736451,1.247448328,0,2.622245484,2.622245484,1.205674253,1.772302745,0,0,2.622245484,0,0,0,2.622245484,1.486999657,0.83481663
Garhwal,7.8211,7.8211,3.953042206,0.626843917,0,1.317680735,1.317680735,0.605852406,0.890583738,0,0,1.317680735,0,0,0,1.317680735,0.747218677,0.419496114
Pithoragarh,5.6751,5.6751,2.868382941,0.45484675,0,0.956127647,0.956127647,0.439615015,0.646220068,0,0,0.956127647,0,0,0,0.956127647,0.542192366,0.304392272
Bageshwar,2.99695,2.99695,0,0.979389526,2.017560474,0,0,0,0,0,0,0,1.79817,0,0,0,0,0
Almora,6.4383,6.4383,3.254129424,0.516015546,0,1.084709808,1.084709808,0.498735414,0.733125172,0,0,1.084709808,0,0,0,1.084709808,0.615107595,0.345327618
Champawat,2.3187,2.3187,1.171947547,0.185838692,0,0.390649182,0.390649182,0.179615396,0.264028911,0,0,0.390649182,0,0,0,0.390649182,0.221525866,0.124366859
Nainital,4.15525,4.15525,2.100200563,0.333034124,0,0.700066854,0.700066854,0.321881604,0.473155704,0,0,0.700066854,0,0,0,0.700066854,0.396987688,0.222872899
Udham,12.9344,12.9344,0,12.9344,0,0,0,0,0,0,7.76064,0,0,0,0,0,0,0
Hardwar,0,30.3327,0,4.956293677,10.210056323,0,0,0,0,0,0,0,9.09981,0,0,0,0,0
Nainital(Hills),2.46455,2.46455,0,0.805403646,1.659146354,0,0,0,0,0,0,0,1.47873,0,0,0,0,0
Dehradun(Hills),0.7628,0.7628,0.385544309,0.061136738,0,0.12851477,0.12851477,0.059089414,0.086859556,0,0,0.12851477,0,0,0,0.12851477,0.072877013,0.040913891
Panchkula,0,8.0156,2.025674464,0.321216332,0,0.675224821,0.675224821,0.310459561,0.456365665,0,0,0.675224821,0,0,0,0.675224821,0.382900489,0.214964203
Ambala,0,18.0583,4.563630568,0.72366646,0,1.521210189,1.521210189,0.699432593,1.028143632,0,0,1.521210189,0,0,0,1.521210189,0.862634351,0.484291639
Yamunanagar,0,20.2259,5.111418877,0.81053064,0,1.703806292,1.703806292,0.783387899,1.151555256,0,0,1.703806292,0,0,0,1.703806292,0.966179325,0.542422834
Kurukshetra,0,18.9052,4.777656181,0.757605044,0,1.59255206,1.59255206,0.732234655,1.076361617,0,0,1.59255206,0,0,0,1.59255206,0.903090265,0.507003998
Kaithal,0,18.5716,4.693349953,0.744236392,0,1.564449984,1.564449984,0.719313687,1.057368206,0,0,1.564449984,0,0,0,1.564449984,0.887154389,0.498057437
Karnal,0,28.7189,7.257740203,1.15087825,0,2.419246734,2.419246734,1.112338077,1.63510154,0,0,2.419246734,0,0,0,2.419246734,1.371884931,0.77019006
Panipat,0,21.3295,5.390316818,0.854756193,0,1.796772273,1.796772273,0.826132443,1.214388375,0,0,1.796772273,0,0,0,1.796772273,1.018897647,0.572019433
Sonipat,0,28.9831,7.324507906,1.161465774,0,2.441502635,2.441502635,1.12257105,1.650143684,0,0,2.441502635,0,0,0,2.441502635,1.384505609,0.777275436
Jind,0,22.7777,5.756300869,0.912791211,0,1.918766956,1.918766956,0.882224007,1.296841187,0,0,1.918766956,0,0,0,1.918766956,1.088077308,0.610857593
Fatehabad,0,18.1382,4.583822617,0.726868365,0,1.527940872,1.527940872,0.702527273,1.032692713,0,0,1.527940872,0,0,0,1.527940872,0.866451127,0.486434416
Sirsa,0,24.5083,6.193652063,0.982143098,0,2.064550688,2.064550688,0.949253464,1.395372353,0,0,2.064550688,0,0,0,2.064550688,1.17074705,0.657269221
Hisar,0,34.7045,8.770400151,1.39074457,0,2.923466717,2.923466717,1.344171845,1.975889794,0,0,2.923466717,0,0,0,2.923466717,1.657813516,0.930713256
Bhiwani,0,29.8326,0,14.9163,0,0,0,0,0,0,0,0,0,0,0,0,8.94978,0
Rohtak,0,19.5086,4.930145324,0.781785634,0,1.643381775,1.643381775,0.755605494,1.110716006,0,0,1.643381775,0,0,0,1.643381775,0.931914327,0.523186118
Jhajjar,0,17.8674,4.515386986,0.716016353,0,1.505128995,1.505128995,0.69203867,1.0172748,0,0,1.505128995,0,0,0,1.505128995,0.85351517,0.479172039
Mahendragarh,0,21.936,5.543589382,0.879061012,0,1.847863127,1.847863127,0.849623351,1.248919262,0,0,1.847863127,0,0,0,1.847863127,1.047869795,0.588284689
Rewari,0,17.1398,4.331510453,0.686858586,0,1.443836818,1.443836818,0.663857327,0.975849123,0,0,1.443836818,0,0,0,1.443836818,0.818758147,0.459659095
Gurgaon,0,17.2976,4.371389118,0.693182247,0,1.457129706,1.457129706,0.669969223,0.984833416,0,0,1.457129706,0,0,0,1.457129706,0.82629616,0.463891012
Faridabad,0,31.3606,7.92534141,1.256741465,0,2.64178047,2.64178047,1.214656185,1.785505899,0,0,2.64178047,0,0,0,2.64178047,1.498077384,0.841035777
Mewat,0,15.3941,3.89034324,0.616901583,0,1.29678108,1.29678108,0.596243018,0.876458242,0,0,1.29678108,0,0,0,1.29678108,0.735367086,0.412842511
North West Delhi,0,104.5515,26.421890284,4.189786078,0,8.807296761,8.807296761,4.049480116,5.952606774,0,0,8.807296761,0,0,0,8.807296761,4.994363551,2.803886153
North Delhi,0.8778,0.8778,0.443669106,0.070353734,0,0.147889702,0.147889702,0.067997755,0.099954534,0,0,0.147889702,0,0,0,0.147889702,0.083863978,0.047082084
North East Delhi,0,12.7027,3.210182022,0.509046696,0,1.070060674,1.070060674,0.491999934,0.72322423,0,0,1.070060674,0,0,0,1.070060674,0.606800494,0.340663928
East Delhi,0,3.5173,0.888879784,0.140951919,0,0.296293261,0.296293261,0.136231775,0.200256369,0,0,0.296293261,0,0,0,0.296293261,0.168019349,0.09432776
New Delhi,0,3.5856,0.906140321,0.143688966,0,0.302046774,0.302046774,0.138877165,0.204145008,0,0,0.302046774,0,0,0,0.302046774,0.171281999,0.096159445
West Delhi,0,3.6008,0.909981612,0.14429809,0,0.303327204,0.303327204,0.13946589,0.205010416,0,0,0.303327204,0,0,0,0.303327204,0.172008094,0.096567082
South West Delhi,0,5.1975,1.313494065,0.208284081,0,0.437831355,0.437831355,0.201309143,0.295918028,0,0,0.437831355,0,0,0,0.437831355,0.248281512,0.139387749
South Delhi,0,10.1348,2.561231294,0.406140935,0,0.853743765,0.853743765,0.392540242,0.577021651,0,0,0.853743765,0,0,0,0.853743765,0.484133424,0.271797395
Ganganagar,0,33.5277,8.473003361,1.343585608,0,2.824334454,2.824334454,1.298592124,1.908889056,0,0,2.824334454,0,0,0,2.824334454,1.601598474,0.899153563
Hanumangarh,0,25.7057,6.496254813,1.030127583,0,2.165418271,2.165418271,0.995631062,1.463545946,0,0,2.165418271,0,0,0,2.165418271,1.227946143,0.68938137
Bikaner,0,33.4303,8.448388773,1.33968241,0,2.816129591,2.816129591,1.294819635,1.903343618,0,0,2.816129591,0,0,0,2.816129591,1.596945733,0.896541468
Churu,0,36.1934,0,18.0967,0,0,0,0,0,0,0,0,0,0,0,0,10.85802,0
Jhunjhunun,0,37.5885,9.499234568,1.50631769,0,3.166411523,3.166411523,1.455874696,2.140089427,0,0,3.166411523,0,0,0,3.166411523,1.795580497,1.008057031
Alwar,0,53.7493,0,26.87465,0,0,0,0,0,0,0,0,0,0,0,0,16.12479,0
Bharatpur,0,36.7205,0,18.36025,0,0,0,0,0,0,0,0,0,0,0,0,11.01615,0
Dhaulpur,0,19.7882,0,9.8941,0,0,0,0,0,0,0,0,0,0,0,0,5.93646,0
Karauli,0,21.1528,5.345661811,0.847675136,0,1.78188727,1.78188727,0.819288513,1.204328016,0,0,1.78188727,0,0,0,1.78188727,1.010456792,0.567280651
Sawai,0,21.362,5.398530105,0.856058595,0,1.799510035,1.799510035,0.82739123,1.216238752,0,0,1.799510035,0,0,0,1.799510035,1.020450153,0.572891025
Dausa,0,22.383,5.656553662,0.896974044,0,1.885517887,1.885517887,0.866936519,1.274369066,0,0,1.885517887,0,0,0,1.885517887,1.069222721,0.600272438
Jaipur,0,117.9859,0,58.99295,0,0,0,0,0,0,0,0,0,0,0,0,35.39577,0
Sikar,0,43.2852,0,7.072702498,14.569897502,0,0,0,0,0,0,0,12.98556,0,0,0,0,0
Nagaur,0,54.3832,0,27.1916,0,0,0,0,0,0,0,0,0,0,0,0,16.31496,0
Jodhpur,0,61.5901,0,30.79505,0,0,0,0,0,0,0,0,0,0,0,0,18.47703,0
Jaisalmer,0,10.0459,0,5.02295,0,0,0,0,0,0,0,0,0,0,0,0,3.01377,0
Barmer,0,42.4533,0,21.22665,0,0,0,0,0,0,0,0,0,0,0,0,12.73599,0
Jalor,0,30.3183,0,15.15915,0,0,0,0,0,0,0,0,0,0,0,0,9.09549,0
Sirohi,0,19.2148,4.855897213,0.770011923,0,1.618632404,1.618632404,0.744226056,1.093988595,0,0,1.618632404,0,0,0,1.618632404,0.917879674,0.515306922
Pali,0,35.095,0,17.5475,0,0,0,0,0,0,0,0,0,0,0,0,10.5285,0
Ajmer,0,50.0627,0,25.03135,0,0,0,0,0,0,0,0,0,0,0,0,15.01881,0
Tonk,0,25.2267,6.375203604,1.010932186,0,2.125067868,2.125067868,0.977078474,1.436274231,0,0,2.125067868,0,0,0,2.125067868,1.205064595,0.676535438
Bundi,0,18.8208,4.756326907,0.754222807,0,1.585442302,1.585442302,0.728965681,1.071556329,0,0,1.585442302,0,0,0,1.585442302,0.899058526,0.504740539
Bhilwara,0,47.8587,0,23.92935,0,0,0,0,0,0,0,0,0,0,0,0,14.35761,0
Rajsamand,0,20.3586,5.144954358,0.815848446,0,1.714984786,1.714984786,0.788527624,1.159110489,0,0,1.714984786,0,0,0,1.714984786,0.972518326,0.545981613
Udaipur,0,50.8457,12.849547896,2.037585362,0,4.283182632,4.283182632,1.969351479,2.89488394,0,0,4.283182632,0,0,0,4.283182632,2.428869129,1.363591667
Dungarpur,0,23.9502,6.052610978,0.959777856,0,2.017536993,2.017536993,0.92763718,1.363597105,0,0,2.017536993,0,0,0,2.017536993,1.144086942,0.642301967
Banswara,0,33.3355,8.424431247,1.335883405,0,2.808143749,2.808143749,1.29114785,1.897946209,0,0,2.808143749,0,0,0,2.808143749,1.592417193,0.893999099
Chittaurgarh,0,43.8706,11.086824961,1.758065921,0,3.69560832,3.69560832,1.699192478,2.497758815,0,0,3.69560832,0,0,0,3.69560832,2.095672712,1.176531832
Kota,0,27.1583,6.863350817,1.088338926,0,2.287783606,2.287783606,1.051893046,1.54624927,0,0,2.287783606,0,0,0,2.287783606,1.297335989,0.72833753
Baran,0,20.6353,5.214881016,0.826936894,0,1.738293672,1.738293672,0.799244746,1.174864316,0,0,1.738293672,0,0,0,1.738293672,0.985736122,0.553402217
Jhalawar,0,24.0151,6.06901228,0.962378652,0,2.023004093,2.023004093,0.930150882,1.367292166,0,0,2.023004093,0,0,0,2.023004093,1.147187177,0.64404247
Saharanpur,0,49.9782,12.630316322,2.002821256,0,4.210105441,4.210105441,1.93575154,2.8454931,0,0,4.210105441,0,0,0,4.210105441,2.387429166,1.340326853
Muzaffarnagar,0,65.9511,0,10.776258622,22.199291378,0,0,0,0,0,0,0,19.78533,0,0,0,0,0
Bijnor,21.8783,21.8783,0,7.149728178,14.728571822,0,0,0,0,0,0,0,13.12698,0,0,0,0,0
Moradabad,30.4462,30.4462,15.388514865,2.440195786,0,5.129504955,5.129504955,2.358479438,3.466889645,0,0,5.129504955,0,0,0,5.129504955,2.908794069,1.633026376
Rampur,12.458,12.458,6.296684584,0.998481226,0,2.098894861,2.098894861,0.965044467,1.418584625,0,0,2.098894861,0,0,0,2.098894861,1.190222639,0.668203014
Jyotiba Phule Nagar,0,19.57,0,3.197693158,6.587306842,0,0,0,0,0,0,0,5.871,0,0,0,0,0
Meerut,0,61.9758,15.662307933,2.483611847,0,5.220769311,5.220769311,2.400441598,3.528572683,0,0,5.220769311,0,0,0,5.220769311,2.960547448,1.662081246
Baghpat,0,19.2749,0,3.149474494,6.487975506,0,0,0,0,0,0,0,5.78247,0,0,0,0,0
Ghaziabad,0,51.2572,12.95354074,2.054075771,0,4.317846913,4.317846913,1.985289663,2.918312563,0,0,4.317846913,0,0,0,4.317846913,2.448526242,1.374627368
Gautam Buddha Nagar,0,18.5297,4.682761131,0.742557296,0,1.560920377,1.560920377,0.717690819,1.054982642,0,0,1.560920377,0,0,0,1.560920377,0.885152851,0.496933753
Bulandshahar,0,51.4368,12.998928625,2.061273043,0,4.332976208,4.332976208,1.992245915,2.928538033,0,0,4.332976208,0,0,0,4.332976208,2.457105628,1.379443923
Aligarh,0,67.7796,0,33.8898,0,0,0,0,0,0,0,0,0,0,0,0,20.33388,0
Hathras,0,27.4921,6.947707588,1.101715593,0,2.315902529,2.315902529,1.06482176,1.565254068,0,0,2.315902529,0,0,0,2.315902529,1.313281418,0.737289455
Mathura,0,35.4764,8.965472025,1.421677612,0,2.988490675,2.988490675,1.374069013,2.019837678,0,0,2.988490675,0,0,0,2.988490675,1.694686724,0.951414248
Agra,0,63.2743,15.990460322,2.535647802,0,5.330153441,5.330153441,2.450734994,3.602502372,0,0,5.330153441,0,0,0,5.330153441,3.022576028,1.696904718
Firozabad,0,28.3395,7.161859559,1.135674214,0,2.38728652,2.38728652,1.097643188,1.613500521,0,0,2.38728652,0,0,0,2.38728652,1.353761217,0.760015223
Etah,0,23.8796,6.034769192,0.956948639,0,2.011589731,2.011589731,0.924902707,1.359577517,0,0,2.011589731,0,0,0,2.011589731,1.140714422,0.6404086
Mainpuri,0,18.7107,4.72850282,0.749810671,0,1.576167607,1.576167607,0.724701296,1.06528782,0,0,1.576167607,0,0,0,1.576167607,0.893799114,0.501787852
Budaun,23.42775,23.42775,11.841158474,1.877682497,0,3.947052825,3.947052825,1.81480338,2.667703158,0,0,3.947052825,0,0,0,3.947052825,2.238259627,1.256581566
Bareilly,31.3586,31.3586,15.849671954,2.513322634,0,5.283223985,5.283223985,2.429157442,3.570784059,0,0,5.283223985,0,0,0,5.283223985,2.995963689,1.681964282
Pilibhit,15.2571,15.2571,7.711442155,1.222822918,0,2.570480718,2.570480718,1.18187349,1.737316381,0,0,2.570480718,0,0,0,2.570480718,1.457645354,0.818336828
Shahjahanpur,22.61795,22.61795,11.431858813,1.812778813,0,3.810619604,3.810619604,1.752073165,2.575491741,0,0,3.810619604,0,0,0,3.810619604,2.160892289,1.213146761
Kheri,27.1549,27.1549,0,8.874096876,18.280803124,0,0,0,0,0,0,0,16.29294,0,0,0,0,0
Sitapur,34.1633,34.1633,0,11.164409879,22.998890121,0,0,0,0,0,0,0,20.49798,0,0,0,0,0
Hardoi,25.5737,25.5737,0,8.357367963,17.216332037,0,0,0,0,0,0,0,15.34422,0,0,0,0,0
Unnao,24.6148,24.6148,0,8.044003837,16.570796163,0,0,0,0,0,0,0,14.76888,0,0,0,0,0
Lucknow,29.73305,29.73305,15.028065306,2.383038387,0,5.009355102,5.009355102,2.303236104,3.385683703,0,0,5.009355102,0,0,0,5.009355102,2.840660558,1.594775535
Rae Bareli,27.50335,27.50335,0,8.98796874,18.51538126,0,0,0,0,0,0,0,16.50201,0,0,0,0,0
Farrukhabad,0,20.3709,5.148062771,0.816341355,0,1.716020924,1.716020924,0.789004027,1.159810785,0,0,1.716020924,0,0,0,1.716020924,0.97310589,0.546311477
Kannauj,0,21.4209,5.413415107,0.858418948,0,1.804471702,1.804471702,0.82967254,1.219592205,0,0,1.804471702,0,0,0,1.804471702,1.023263771,0.574470619
Etawah,0,20.7865,5.253091753,0.832996067,0,1.751030584,1.751030584,0.805101012,1.183472841,0,0,1.751030584,0,0,0,1.751030584,0.992958857,0.557457134
Auraiya,0,21.2749,5.376518497,0.852568159,0,1.792172832,1.792172832,0.82401768,1.211279741,0,0,1.792172832,0,0,0,1.792172832,1.016289437,0.570555157
Kanpur Dehat,0,29.8648,7.547328053,1.196798929,0,2.515776018,2.515776018,1.156720982,1.700342996,0,0,2.515776018,0,0,0,2.515776018,1.426623899,0.800921069
Kanpur Nagar,0,51.7255,0,8.451828178,17.410921822,0,0,0,0,0,0,0,15.51765,0,0,0,0,0
Jalaun,0,26.8192,0,4.382195827,9.027404173,0,0,0,0,0,0,0,8.04576,0,0,0,0,0
Jhansi,0,33.1664,0,5.419313764,11.163886236,0,0,0,0,0,0,0,9.94992,0,0,0,0,0
Lalitpur,0,21.5956,0,3.528671557,7.269128443,0,0,0,0,0,0,0,6.47868,0,0,0,0,0
Hamirpur,0,22.1556,5.599085928,0.88786124,0,1.866361976,1.866361976,0.858128881,1.261422119,0,0,1.866361976,0,0,0,1.866361976,1.058359957,0.594173972
Mahoba,0,15.0912,3.813795409,0.6047632,0,1.271265136,1.271265136,0.58451112,0.859212726,0,0,1.271265136,0,0,0,1.271265136,0.720897732,0.40471927
Banda,0,24.9192,0,4.071740181,8.387859819,0,0,0,0,0,0,0,7.47576,0,0,0,0,0
Chitrakoot,0,11.3286,2.862924265,0.453981153,0,0.954308088,0.954308088,0.438778405,0.644990278,0,0,0.954308088,0,0,0,0.954308088,0.541160547,0.303812998
Fatehpur,0,47.7622,12.070296534,1.9140175,0,4.023432178,4.023432178,1.84992161,2.719325837,0,0,4.023432178,0,0,0,4.023432178,2.281572151,1.280897655
Pratapgarh,23.3264,23.3264,0,7.622960621,15.703439379,0,0,0,0,0,0,0,13.99584,0,0,0,0,0
Kaushambi,12.7941,12.7941,6.466560623,1.0254189,0,2.155520208,2.155520208,0.991080062,1.45685612,0,0,2.155520208,0,0,0,2.155520208,1.222333237,0.686230228
Allahabad,43.3568,43.3568,0,14.168803547,29.187996453,0,0,0,0,0,0,0,26.01408,0,0,0,0,0
Barabanki,24.75405,24.75405,0,8.089510099,16.664539901,0,0,0,0,0,0,0,14.85243,0,0,0,0,0
Faizabad,12.844,12.844,0,4.197360339,8.646639661,0,0,0,0,0,0,0,7.7064,0,0,0,0,0
Ambedkar Nagar,15.0883,15.0883,0,4.930787294,10.157512706,0,0,0,0,0,0,0,9.05298,0,0,0,0,0
Sultanpur,24.8217,24.8217,0,8.111617809,16.710082191,0,0,0,0,0,0,0,14.89302,0,0,0,0,0
Bahraich,12.0808,12.0808,0,3.947950077,8.132849923,0,0,0,0,0,0,0,7.24848,0,0,0,0,0
Shrawasti,4.2014,4.2014,0,1.372998266,2.828401734,0,0,0,0,0,0,0,2.52084,0,0,0,0,0
Balrampur,11.8254,11.8254,0,3.864486527,7.960913473,0,0,0,0,0,0,0,7.09524,0,0,0,0,0
Gonda,17.17405,17.17405,8.680331986,1.376462233,0,2.893443995,2.893443995,1.33036779,1.955598272,0,0,2.893443995,0,0,0,2.893443995,1.640788498,0.921155239
Siddharthnagar,13.749,13.749,0,4.493110192,9.255889808,0,0,0,0,0,0,0,8.2494,0,0,0,0,0
Basti,13.86865,13.86865,0,4.532211264,9.336438736,0,0,0,0,0,0,0,8.32119,0,0,0,0,0
Sant Kabir Nagar,12.0375,12.0375,0,3.933799835,8.103700165,0,0,0,0,0,0,0,7.2225,0,0,0,0,0
Mahrajganj,17.04805,17.04805,0,5.571224613,11.476825387,0,0,0,0,0,0,0,10.22883,0,0,0,0,0
Gorakhpur,32.81285,32.81285,0,10.723089007,22.089760993,0,0,0,0,0,0,0,19.68771,0,0,0,0,0
Kushinagar,21.5959,21.5959,0,7.057441152,14.538458848,0,0,0,0,0,0,0,12.95754,0,0,0,0,0
Deoria,20.38385,20.38385,0,6.661348766,13.722501234,0,0,0,0,0,0,0,12.23031,0,0,0,0,0
Azamgarh,26.3046,26.3046,0,8.596222733,17.708377267,0,0,0,0,0,0,0,15.78276,0,0,0,0,0
Mau,14.53755,14.53755,0,4.750804718,9.786745282,0,0,0,0,0,0,0,8.72253,0,0,0,0,0
Ballia,16.73935,16.73935,0,5.470342868,11.269007132,0,0,0,0,0,0,0,10.04361,0,0,0,0,0
Jaunpur,32.30695,32.30695,0,10.557763206,21.749186794,0,0,0,0,0,0,0,19.38417,0,0,0,0,0
Ghazipur,21.53935,21.53935,0,7.038960871,14.500389129,0,0,0,0,0,0,0,12.92361,0,0,0,0,0
Chandauli,12.68875,12.68875,0,4.146625351,8.542124649,0,0,0,0,0,0,0,7.61325,0,0,0,0,0
Varanasi,26.0593,26.0593,0,8.516059817,17.543240183,0,0,0,0,0,0,0,15.63558,0,0,0,0,0
Sant Ravidas Nagar,9.6549,9.6549,0,3.155177074,6.499722926,0,0,0,0,0,0,0,5.79294,0,0,0,0,0
Mirzapur,15.13415,15.13415,0,4.945770864,10.188379136,0,0,0,0,0,0,0,9.08049,0,0,0,0,0
Sonbhadra,11.3459,11.3459,0,3.707788125,7.638111875,0,0,0,0,0,0,0,6.80754,0,0,0,0,0
Kashiramnagar,0,18.2972,4.624004542,0.733240114,0,1.541334847,1.541334847,0.708685648,1.041745328,0,0,1.541334847,0,0,0,1.541334847,0.874046463,0.490698514
Pashchim Champaran,23.31845,23.31845,0,23.31845,0,0,0,0,0,0,13.99107,0,0,0,0,0,0,0
Purba Champaran,46.34505,46.34505,23.424318662,3.714453552,0,7.808106221,7.808106221,3.590065345,5.277281695,0,0,7.808106221,0,0,0,7.808106221,4.427751462,2.485784402
Sheohar,5.7363,5.7363,0,5.7363,0,0,0,0,0,0,3.44178,0,0,0,0,0,0,0
Sitamarhi,26.69285,26.69285,0,26.69285,0,0,0,0,0,0,16.01571,0,0,0,0,0,0,0
Madhubani,33.40635,33.40635,16.884672424,2.677445281,0,5.628224141,5.628224141,2.587784012,3.803960064,0,0,5.628224141,0,0,0,5.628224141,3.191603311,1.791798342
Supaul,15.96835,15.96835,0,15.96835,0,0,0,0,0,0,9.58101,0,0,0,0,0,0,0
Araria,20.1475,20.1475,0,20.1475,0,0,0,0,0,0,12.0885,0,0,0,0,0,0,0
Kishanganj,16.19675,16.19675,8.186372294,1.298133793,0,2.728790765,2.728790765,1.254662383,1.844313736,0,0,2.728790765,0,0,0,2.728790765,1.547418408,0.868736327
Purnia,26.37025,26.37025,0,26.37025,0,0,0,0,0,0,15.82215,0,0,0,0,0,0,0
Katihar,23.9361,23.9361,12.098095351,1.918425628,0,4.03269845,4.03269845,1.854182121,2.725588652,0,0,4.03269845,0,0,0,4.03269845,2.286826786,1.283847661
Madhepura,18.41955,18.41955,0,18.41955,0,0,0,0,0,0,11.05173,0,0,0,0,0,0,0
Saharsa,15.5902,15.5902,0,5.094805914,10.495394086,0,0,0,0,0,0,0,9.35412,0,0,0,0,0
Darbhanga,26.51445,26.51445,0,26.51445,0,0,0,0,0,0,15.90867,0,0,0,0,0,0,0
Muzaffarpur,35.8872,35.8872,0,35.8872,0,0,0,0,0,0,21.53232,0,0,0,0,0,0,0
Gopalganj,22.3476,22.3476,0,22.3476,0,0,0,0,0,0,13.40856,0,0,0,0,0,0,0
Siwan,27.04755,27.04755,0,27.04755,0,0,0,0,0,0,16.22853,0,0,0,0,0,0,0
Saran,26.01865,26.01865,0,8.502775583,17.515874417,0,0,0,0,0,0,0,15.61119,0,0,0,0,0
Vaishali,21.75285,21.75285,0,7.108731693,14.644118307,0,0,0,0,0,0,0,13.05171,0,0,0,0,0
Samastipur,29.99305,29.99305,0,29.99305,0,0,0,0,0,0,17.99583,0,0,0,0,0,0,0
Begusarai,23.1498,23.1498,11.700673366,1.855405417,0,3.900224455,3.900224455,1.793272307,2.636053166,0,0,3.900224455,0,0,0,3.900224455,2.211704611,1.241673312
Khagaria,14.4902,14.4902,0,14.4902,0,0,0,0,0,0,8.69412,0,0,0,0,0,0,0
Bhagalpur,23.1187,23.1187,0,7.555085213,15.563614787,0,0,0,0,0,0,0,13.87122,0,0,0,0,0
Banka,17.514,17.514,0,5.723494938,11.790505062,0,0,0,0,0,0,0,10.5084,0,0,0,0,0
Munger,14.00465,14.00465,0,4.57665544,9.42799456,0,0,0,0,0,0,0,8.40279,0,0,0,0,0
Lakhisarai,8.747,8.747,0,2.858479515,5.888520485,0,0,0,0,0,0,0,5.2482,0,0,0,0,0
Sheikhpura,4.97,4.97,0,1.624173224,3.345826776,0,0,0,0,0,0,0,2.982,0,0,0,0,0
Nalanda,14.28165,14.28165,0,14.28165,0,0,0,0,0,0,8.56899,0,0,0,0,0,0,0
Patna,23.28355,23.28355,0,7.608957438,15.674592562,0,0,0,0,0,0,0,13.97013,0,0,0,0,0
Bhojpur,18.04875,18.04875,0,5.898248787,12.150501213,0,0,0,0,0,0,0,10.82925,0,0,0,0,0
Buxar,9.88985,9.88985,0,9.88985,0,0,0,0,0,0,5.93391,0,0,0,0,0,0,0
Kaimur (Bhabua),9.32145,9.32145,0,3.046207142,6.275242858,0,0,0,0,0,0,0,5.59287,0,0,0,0,0
Rohtas,19.6195,19.6195,0,19.6195,0,0,0,0,0,0,11.7717,0,0,0,0,0,0,0
Jehanabad,8.24265,8.24265,0,8.24265,0,0,0,0,0,0,4.94559,0,0,0,0,0,0,0
Aurangabad,17.55685,17.55685,0,17.55685,0,0,0,0,0,0,10.53411,0,0,0,0,0,0,0
Gaya,32.0784,32.0784,0,32.0784,0,0,0,0,0,0,19.24704,0,0,0,0,0,0,0
Nawada,14.191,14.191,0,14.191,0,0,0,0,0,0,8.5146,0,0,0,0,0,0,0
Jamui,15.1754,15.1754,0,4.959251175,10.216148825,0,0,0,0,0,0,0,9.10524,0,0,0,0,0
Arwal,5.34115,5.34115,0,0,0,0,0,5.34115,3.20469,0,0,0,0,0,0,0,0,0
North Sikkim,0.7202,0,0,0.3601,0,0,0,0,0,0,0.21606,0,0,0,0,0,0,0
West Sikkim,2.6804,0,0,1.3402,0,0,0,0,0,0,0.80412,0,0,0,0,0,0,0
South Sikkim,2.7179,0,0,1.35895,0,0,0,0,0,0,0.81537,0,0,0,0,0,0,0
East Sikkim,4.2884,0,1.083749485,0.171852901,0,0.361249828,0.361249828,0.166097957,0.244158705,0,0,0.361249828,0,0,0,0.361249828,0.204854341,0.115007297
Tawang,0.9856,0,0,0.4928,0,0,0,0,0,0,0.29568,0,0,0,0,0,0,0
West Kameng,1.3066,0,0,0.213495446,0.439804554,0,0,0,0,0,0,0,0.39198,0,0,0,0,0
East  Kameng,0.9847,0,0,0.49235,0,0,0,0,0,0,0.29541,0,0,0,0,0,0,0
Papum Pare,1.5396,0,0,0.7698,0,0,0,0,0,0,0.46188,0,0,0,0,0,0,0
Lower Subansiri,0.6663,0,0,0.33315,0,0,0,0,0,0,0.19989,0,0,0,0,0,0,0
Upper Subansiri,1.1895,0,0,0.194361574,0.400388426,0,0,0,0,0,0,0,0.35685,0,0,0,0,0
West Siang,2.0456,0,0.516956895,0.081975164,0,0.172318965,0.172318965,0.079230011,0.116465593,0,0,0.172318965,0,0,0,0.172318965,0.097717107,0.054859371
East Siang,1.5703,0,0,0.256583422,0.528566578,0,0,0,0,0,0,0,0.47109,0,0,0,0,0
Upper Siang,0.447,0,0,0.2235,0,0,0,0,0,0,0.1341,0,0,0,0,0,0,0
Dibang Valley,0.078,0,0,0.039,0,0,0,0,0,0,0.0234,0,0,0,0,0,0,0
Lohit,2.5344,0,0,1.2672,0,0,0,0,0,0,0.76032,0,0,0,0,0,0,0
Changlang,1.4495,0,0,0.72475,0,0,0,0,0,0,0.43485,0,0,0,0,0,0,0
Tirap,1.5462,0,0,0,0,0,0,0.7731,0.46386,0,0,0,0,0,0,0,0,0
Anjaw,0.3559,0,0,0.17795,0,0,0,0,0,0,0.10677,0,0,0,0,0,0,0
Kurungkumey,0.785,0,0,0.3925,0,0,0,0,0,0,0.2355,0,0,0,0,0,0,0
Lower Dibang Valley,0.5474,0,0,0.2737,0,0,0,0,0,0,0.16422,0,0,0,0,0,0,0
Mon,0.6284,0,0,0.3142,0,0,0,0,0,0,0.18852,0,0,0,0,0,0,0
Tuensang,0.5341,0,0,0.26705,0,0,0,0,0,0,0.16023,0,0,0,0,0,0,0
Mokokchung,1.9449,0,0,0.97245,0,0,0,0,0,0,0.58347,0,0,0,0,0,0,0
Zunheboto,0.3404,0,0,0.1702,0,0,0,0,0,0,0.10212,0,0,0,0,0,0,0
Wokha,0.9197,0,0,0.45985,0,0,0,0,0,0,0.27591,0,0,0,0,0,0,0
Dimapur,1.4817,0,0,0.242106385,0.498743615,0,0,0,0,0,0,0,0.44451,0,0,0,0,0
Kohima,0.9521,0,0,0.47605,0,0,0,0,0,0,0.28563,0,0,0,0,0,0,0
Phek,0.9285,0,0,0.46425,0,0,0,0,0,0,0.27855,0,0,0,0,0,0,0
Kiphire,0.0976,0,0,0.0488,0,0,0,0,0,0,0.02928,0,0,0,0,0,0,0
Longleng,0.8141,0,0,0.40705,0,0,0,0,0,0,0.24423,0,0,0,0,0,0,0
Peren,0.5971,0,0,0.29855,0,0,0,0,0,0,0.17913,0,0,0,0,0,0,0
Senapati,1.2189,0,0.308036155,0.048846073,0,0.102678718,0.102678718,0.047210335,0.069397688,0,0,0.102678718,0,0,0,0.102678718,0.058226135,0.03268874
Tamenglong,0.4695,0,0,0.076715224,0.158034776,0,0,0,0,0,0,0,0.14085,0,0,0,0,0
Churachandpur,2.9935,0,0,1.49675,0,0,0,0,0,0,0.89805,0,0,0,0,0,0,0
Bishnupur,3.448,0,0.871366529,0.138174798,0,0.29045551,0.29045551,0.133547653,0.196310796,0,0,0.29045551,0,0,0,0.29045551,0.164708928,0.092469256
Thoubal,4.4651,0,1.128404493,0.178933959,0,0.376134831,0.376134831,0.172941887,0.254219064,0,0,0.376134831,0,0,0,0.376134831,0.213295196,0.119746078
Imphal West,3.8228,0,0.966084678,0.153194495,0,0.322028226,0.322028226,0.148064376,0.217649916,0,0,0.322028226,0,0,0,0.322028226,0.182612904,0.102520729
Imphal East,6.1897,0,1.564239387,0.248045402,0,0.521413129,0.521413129,0.239738952,0.352408623,0,0,0.521413129,0,0,0,0.521413129,0.295678322,0.165996797
Ukhrul,0.8934,0,0,0.145979513,0.300720487,0,0,0,0,0,0,0,0.26802,0,0,0,0,0
Chandel,0.6593,0,0,0.32965,0,0,0,0,0,0,0.19779,0,0,0,0,0,0,0
Mamit,1.8038,0,0,0.9019,0,0,0,0,0,0,0.54114,0,0,0,0,0,0,0
Kolasib,0.69075,0.69075,0,0.69075,0,0,0,0,0,0,0.41445,0,0,0,0,0,0,0
Aizawl,6.3467,0,0,1.037036237,2.136313763,0,0,0,0,0,0,0,1.90401,0,0,0,0,0
Champhai,2.0826,0,0,1.0413,0,0,0,0,0,0,0.62478,0,0,0,0,0,0,0
Serchhip,1.366,0,0,0.683,0,0,0,0,0,0,0.4098,0,0,0,0,0,0,0
Lunglei,3.2328,0,0,0.528232112,1.088167888,0,0,0,0,0,0,0,0.96984,0,0,0,0,0
Lawngtlai,1.9094,0,0,0.9547,0,0,0,0,0,0,0.57282,0,0,0,0,0,0,0
Saiha,1.3722,0,0,0.6861,0,0,0,0,0,0,0.41166,0,0,0,0,0,0,0
West Tripura,38.0614,0,9.618744206,1.525268636,0,3.206248069,3.206248069,1.47419102,2.16701384,0,0,3.206248069,0,0,0,3.206248069,1.818170651,1.020739372
South Tripura,19.589,0,0,9.7945,0,0,0,0,0,0,5.8767,0,0,0,0,0,0,0
Dhalai,7.9854,0,0,3.9927,0,0,0,0,0,0,2.39562,0,0,0,0,0,0,0
North Tripura,16.705,0,0,8.3525,0,0,0,0,0,0,5.0115,0,0,0,0,0,0,0
West Garo Hills,8.4101,0,0,4.20505,0,0,0,0,0,0,2.52303,0,0,0,0,0,0,0
East Garo Hills,3.4411,0,0,0.562267855,1.158282145,0,0,0,0,0,0,0,1.03233,0,0,0,0,0
South Garo Hills,1.7397,0,0,0.86985,0,0,0,0,0,0,0.52191,0,0,0,0,0,0,0
West Khasi Hills,4.929,0,1.245639682,0.19752424,0,0.415213227,0.415213227,0.190909623,0.280631065,0,0,0.415213227,0,0,0,0.415213227,0.235455426,0.132187055
Ri Bhoi,3.2101,0,0.811245271,0.128641218,0,0.27041509,0.27041509,0.12433333,0.182766034,0,0,0.27041509,0,0,0,0.27041509,0.153344586,0.086089199
East Khasi Hills,10.3265,0,0,5.16325,0,0,0,0,0,0,3.09795,0,0,0,0,0,0,0
Jaintia Hills,5.138,0,1.298457433,0.205899685,0,0.432819144,0.432819144,0.199004594,0.292530414,0,0,0.432819144,0,0,0,0.432819144,0.245439233,0.137792065
Kokrajhar,15.6501,0,0,7.82505,0,0,0,0,0,0,4.69503,0,0,0,0,0,0,0
Dhubri,30.0022,0,0,15.0011,0,0,0,0,0,0,9.00066,0,0,0,0,0,0,0
Goalpara,17.3941,0,0,8.69705,0,0,0,0,0,0,5.21823,0,0,0,0,0,0,0
Bongaigaon,8.4557,0,0,4.22785,0,0,0,0,0,0,2.53671,0,0,0,0,0,0,0
Barpeta,28.505,0,0,14.2525,0,0,0,0,0,0,8.5515,0,0,0,0,0,0,0
Kamrup,27.8513,0,0,13.92565,0,0,0,0,0,0,8.35539,0,0,0,0,0,0,0
Nalbari,10.1128,0,0,5.0564,0,0,0,0,0,0,3.03384,0,0,0,0,0,0,0
Darrang,12.2505,0,0,6.12525,0,0,0,0,0,0,3.67515,0,0,0,0,0,0,0
Marigaon,13.4725,0,3.404723192,0.539895582,0,1.134907731,1.134907731,0.521815764,0.767052551,0,0,1.134907731,0,0,0,1.134907731,0.643573387,0.361308601
Nagaon,36.3515,0,0,18.17575,0,0,0,0,0,0,10.90545,0,0,0,0,0,0,0
Sonitpur,24.7576,0,0,12.3788,0,0,0,0,0,0,7.42728,0,0,0,0,0,0,0
Lakhimpur,16.1461,0,0,8.07305,0,0,0,0,0,0,4.84383,0,0,0,0,0,0,0
Dhemaji,10.3509,0,0,5.17545,0,0,0,0,0,0,3.10527,0,0,0,0,0,0,0
Tinsukia,11.1408,0,0,5.5704,0,0,0,0,0,0,3.34224,0,0,0,0,0,0,0
Dibrugarh,10.6791,0,0,5.33955,0,0,0,0,0,0,3.20373,0,0,0,0,0,0,0
Sibsagar,19.7194,0,0,9.8597,0,0,0,0,0,0,5.91582,0,0,0,0,0,0,0
Jorhat,15.3921,0,0,7.69605,0,0,0,0,0,0,4.61763,0,0,0,0,0,0,0
Golaghat,19.8689,0,5.021199082,0.796224259,0,1.673733027,1.673733027,0.769560604,1.131229573,0,0,1.673733027,0,0,0,1.673733027,0.949125646,0.532848726
Karbi Anglong,16.7735,0,0,8.38675,0,0,0,0,0,0,5.03205,0,0,0,0,0,0,0
North Cachar Hills,3.7313,0,0,1.86565,0,0,0,0,0,0,1.11939,0,0,0,0,0,0,0
Cachar,31.1613,0,0,15.58065,0,0,0,0,0,0,9.34839,0,0,0,0,0,0,0
Karimganj,22.9987,0,0,11.49935,0,0,0,0,0,0,6.89961,0,0,0,0,0,0,0
Hailakandi,9.3585,0,0,4.67925,0,0,0,0,0,0,2.80755,0,0,0,0,0,0,0
Chirag,8.3053,0,0,4.15265,0,0,0,0,0,0,2.49159,0,0,0,0,0,0,0
Baksa,6.3086,0,0,3.1543,0,0,0,0,0,0,1.89258,0,0,0,0,0,0,0
Guwahati,11.6467,0,0,5.82335,0,0,0,0,0,0,3.49401,0,0,0,0,0,0,0
Udalguri,12.6686,0,0,6.3343,0,0,0,0,0,0,3.80058,0,0,0,0,0,0,0
Darjiling,37.4535,0,9.465117839,1.500907714,0,3.15503928,3.15503928,1.450645888,2.132403244,0,0,3.15503928,0,0,0,3.15503928,1.789131626,1.00443657
Jalpaiguri,70.4866,0,17.813127614,2.824672772,0,5.937709205,5.937709205,2.730081205,4.013132405,0,0,5.937709205,0,0,0,5.937709205,3.367103349,1.890325837
Koch,61.3403,0,15.50170659,2.458144885,0,5.16723553,5.16723553,2.375827464,3.492390691,0,0,5.16723553,0,0,0,5.16723553,2.930189988,1.645038261
Uttar Dinajpur,55.0184,0,13.90405808,2.204801713,0,4.634686027,4.634686027,2.130968152,3.132455302,0,0,4.634686027,0,0,0,4.634686027,2.62819655,1.475496094
Dakshin Dinajpur,37.4375,0,9.461074375,1.500266532,0,3.153691458,3.153691458,1.450026177,2.131492289,0,0,3.153691458,0,0,0,3.153691458,1.788367316,1.004007478
Maldah,83.5232,0,21.107691679,3.347100142,0,7.035897226,7.035897226,3.235013726,4.755367126,0,0,7.035897226,0,0,0,7.035897226,3.98985405,2.239944371
Murshidabad,152.5335,0,38.547733907,6.11261182,0,12.849244636,12.849244636,5.907915001,8.684446855,0,0,12.849244636,0,0,0,12.849244636,7.286435418,4.090678455
Birbhum,74.9356,0,0,37.4678,0,0,0,0,0,0,22.48068,0,0,0,0,0,0,0
Barddhaman,148.9219,0,37.635022957,5.967880932,0,12.545007652,12.545007652,5.768030806,8.478821545,0,0,12.545007652,0,0,0,12.545007652,7.113911414,3.993821736
Nadia,117.7719,0,29.762903644,4.71957903,0,9.920967881,9.920967881,4.561531563,6.70530609,0,0,9.920967881,0,0,0,9.920967881,5.625894269,3.158433878
North Twenty Four Parganas,230.0197,0,0,115.00985,0,0,0,0,0,0,69.00591,0,0,0,0,0,0,0
Hugli,121.844,0,30.791990548,4.882763948,0,10.263996849,10.263996849,4.719251806,6.937149823,0,0,10.263996849,0,0,0,10.263996849,5.820416086,3.267640392
Bankura,77.1869,0,19.506404051,3.093179907,0,6.502134684,6.502134684,2.989596675,4.394611878,0,0,6.502134684,0,0,0,6.502134684,3.687172732,2.070016022
Puruliya,49.7137,0,12.563472805,1.99222171,0,4.187824268,4.187824268,1.925506948,2.830433876,0,0,4.187824268,0,0,0,4.187824268,2.374794156,1.333233431
Pashim,120.0494,0,0,19.615796883,40.408903117,0,0,0,0,0,0,0,36.01482,0,0,0,0,0
Howrah,54.15435,54.15435,0,54.15435,0,0,0,0,0,0,32.49261,0,0,0,0,0,0,0
Kolkata,106.0914,0,26.811048439,4.251495872,0,8.937016146,8.937016146,4.109123396,6.040280496,0,0,8.937016146,0,0,0,8.937016146,5.067923666,2.845183545
South Twenty Four Parganas,178.021,0,0,89.0105,0,0,0,0,0,0,53.4063,0,0,0,0,0,0,0
Purba Midanapur,119.7064,0,30.251783734,4.797101985,0,10.083927911,10.083927911,4.636458458,6.81544624,0,0,10.083927911,0,0,0,10.083927911,5.718304194,3.210313744
Garhwa,9.7298,0,0,1.589827025,3.275072975,0,0,0,0,0,0,0,2.91894,0,0,0,0,0
Palamu,10.7935,0,0,1.763633168,3.633116832,0,0,0,0,0,0,0,3.23805,0,0,0,0,0
Chatra,3.51555,3.51555,1.776875059,0.28176358,0,0.592291686,0.592291686,0.272327988,0.400313467,0,0,0.592291686,0,0,0,0.592291686,0.335871504,0.188561656
Hazaribagh,13.7969,13.7969,6.973408857,1.105791108,0,2.324469619,2.324469619,1.068760796,1.571044326,0,0,2.324469619,0,0,0,2.324469619,1.318139567,0.740016869
Kodarma,3.1573,3.1573,1.595803679,0.253050632,0,0.53193456,0.53193456,0.244576569,0.359519765,0,0,0.53193456,0,0,0,0.53193456,0.301644721,0.169346394
Giridih,14.54155,14.54155,7.349779557,1.165473164,0,2.449926519,2.449926519,1.126444242,1.655837153,0,0,2.449926519,0,0,0,2.449926519,1.38928255,0.779957259
Deoghar,6.4514,6.4514,0,6.4514,0,0,0,0,0,0,3.87084,0,0,0,0,0,0,0
Godda,19.5083,0,4.930069509,0.781773611,0,1.643356503,1.643356503,0.755593874,1.110698926,0,0,1.643356503,0,0,0,1.643356503,0.931899996,0.523178072
Sahibganj,4.9499,0,1.250921457,0.198361784,0,0.416973819,0.416973819,0.19171912,0.281821,0,0,0.416973819,0,0,0,0.416973819,0.236453806,0.132747556
Pakaur,5.4897,5.4897,0,5.4897,0,0,0,0,0,0,3.29382,0,0,0,0,0,0,0
Dumka,9.89715,9.89715,0,9.89715,0,0,0,0,0,0,5.93829,0,0,0,0,0,0,0
Dhanbad,7.84355,7.84355,3.964389177,0.628643235,0,1.321463059,1.321463059,0.607591469,0.893140105,0,0,1.321463059,0,0,0,1.321463059,0.749363524,0.420700253
Bokaro,8.59475,8.59475,4.344070463,0.688850258,0,1.448023488,1.448023488,0.665782303,0.978678777,0,0,1.448023488,0,0,0,1.448023488,0.821132286,0.460991961
Ranchi,13.3376,13.3376,6.74126347,1.068979226,0,2.247087823,2.247087823,1.033181657,1.518744123,0,0,2.247087823,0,0,0,2.247087823,1.274258586,0.715381644
Lohardaga,5.5864,0,0,0.91280496,1.88039504,0,0,0,0,0,0,0,1.67592,0,0,0,0,0
Gumla,9.2253,0,2.331385628,0.369693725,0,0.777128543,0.777128543,0.357313562,0.525239554,0,0,0.777128543,0,0,0,0.777128543,0.440687145,0.247406215
Pashchimi Singhbum,17.2374,0,4.356175584,0.690769798,0,1.452058528,1.452058528,0.667637562,0.981405948,0,0,1.452058528,0,0,0,1.452058528,0.823420441,0.462276554
Purbi Singhbum,7.704,7.704,0,7.704,0,0,0,0,0,0,4.6224,0,0,0,0,0,0,0
Latehar,3.691,3.691,0,1.206201885,2.484798115,0,0,0,0,0,0,0,2.2146,0,0,0,0,0
Simdega,5.2566,0,0,0.858916395,1.769383605,0,0,0,0,0,0,0,1.57698,0,0,0,0,0
Jamtara,6.36665,6.36665,3.217915148,0.510272957,0,1.072638383,1.072638383,0.49318513,0.724966431,0,0,1.072638383,0,0,0,1.072638383,0.608262238,0.341484566
Seraikela-kharsawan,11.4283,0,2.888120101,0.457976521,0,0.9627067,0.9627067,0.442639977,0.650666667,0,0,0.9627067,0,0,0,0.9627067,0.545923157,0.306486776
Bargarh,25.4276,0,0,12.7138,0,0,0,0,0,0,7.62828,0,0,0,0,0,0,0
Jharsuguda,7.8437,0,0,3.92185,0,0,0,0,0,0,2.35311,0,0,0,0,0,0,0
Sambalpur,14.2855,0,3.610181716,0.57247566,0,1.203393905,1.203393905,0.553304813,0.81334045,0,0,1.203393905,0,0,0,1.203393905,0.682409918,0.383111822
Debagarh,4.7698,0,1.205407213,0.191144476,0,0.401802404,0.401802404,0.184743502,0.271567063,0,0,0.401802404,0,0,0,0.401802404,0.227850536,0.127917592
Sundargarh,28.8154,0,7.282127347,1.154745381,0,2.427375782,2.427375782,1.116075707,1.640595737,0,0,2.427375782,0,0,0,2.427375782,1.376494679,0.772778019
Kendujhar,24.8128,0,6.27060424,0.9943456,0,2.090201413,2.090201413,0.961047333,1.412708965,0,0,2.090201413,0,0,0,2.090201413,1.185292836,0.665435372
Mayurbhanj,35.7146,0,9.025669098,1.431223214,0,3.008556366,3.008556366,1.383294955,2.03339952,0,0,3.008556366,0,0,0,3.008556366,1.706065398,0.95780235
Baleshwar,42.6827,0,10.786623018,1.710462138,0,3.595541006,3.595541006,1.653182833,2.430126102,0,0,3.595541006,0,0,0,3.595541006,2.038927429,1.144674457
Bhadrak,16.818,0,4.250186279,0.673962805,0,1.41672876,1.41672876,0.651393395,0.957527541,0,0,1.41672876,0,0,0,1.41672876,0.80338595,0.451028989
Kendrapara,25.3718,0,0,12.6859,0,0,0,0,0,0,7.61154,0,0,0,0,0,0,0
Jagatsinghapur,17.5376,0,0,8.7688,0,0,0,0,0,0,5.26128,0,0,0,0,0,0,0
Cuttack,35.3159,0,0,17.65795,0,0,0,0,0,0,10.59477,0,0,0,0,0,0,0
Jajapur,26.1008,0,0,13.0504,0,0,0,0,0,0,7.83024,0,0,0,0,0,0,0
Dhenkanal,18.1554,0,0,2.966550759,6.111149241,0,0,0,0,0,0,0,5.44662,0,0,0,0,0
Anugul,12.3017,0,0,6.15085,0,0,0,0,0,0,3.69051,0,0,0,0,0,0,0
Nayagarh,15.1813,0,3.836565166,0.608373858,0,1.278855055,1.278855055,0.588000865,0.864342541,0,0,1.278855055,0,0,0,1.278855055,0.725201756,0.407135592
Khordha,25.8098,0,6.522562602,1.034299276,0,2.174187534,2.174187534,0.999663055,1.469472847,0,0,2.174187534,0,0,0,2.174187534,1.232918938,0.692173147
Puri,28.5121,0,7.205478429,1.142590968,0,2.401826143,2.401826143,1.104328317,1.623327447,0,0,2.401826143,0,0,0,2.401826143,1.362006217,0.76464405
Ganjam,39.6543,0,0,19.82715,0,0,0,0,0,0,11.89629,0,0,0,0,0,0,0
Gajapati,8.8755,0,2.242985392,0.355675876,0,0.747661797,0.747661797,0.343765137,0.505323801,0,0,0.747661797,0,0,0,0.747661797,0.423977405,0.238025199
Kandhamal,12.9562,0,3.274245658,0.519205429,0,1.091415219,1.091415219,0.501818475,0.737657173,0,0,1.091415219,0,0,0,1.091415219,0.61891004,0.347462349
Baudh,6.784,0,0,3.392,0,0,0,0,0,0,2.0352,0,0,0,0,0,0,0
Sonapur,10.8892,0,2.75188063,0.436372683,0,0.917293543,0.917293543,0.421759601,0.619973178,0,0,0.917293543,0,0,0,0.917293543,0.520170668,0.292029068
Balangir,27.4744,0,6.943234506,1.101006285,0,2.314411502,2.314411502,1.064136205,1.564246324,0,0,2.314411502,0,0,0,2.314411502,1.312435899,0.736814773
Nuapada,7.421,0,0,1.212574396,2.497925604,0,0,0,0,0,0,0,2.2263,0,0,0,0,0
Kalahandi,23.3872,0,0,3.821414891,7.872185109,0,0,0,0,0,0,0,7.01616,0,0,0,0,0
Rayagada,10.8097,0,2.731789667,0.433186808,0,0.910596556,0.910596556,0.418680413,0.61544687,0,0,0.910596556,0,0,0,0.910596556,0.516373,0.289897019
Nabarangapur,16.8168,0,0,8.4084,0,0,0,0,0,0,5.04504,0,0,0,0,0,0,0
Koraput,20.793,0,5.25473441,0.833256547,0,1.751578137,1.751578137,0.805352769,1.183842916,0,0,1.751578137,0,0,0,1.751578137,0.993269358,0.557631452
Malkangiri,9.5124,0,0,1.554304364,3.201895636,0,0,0,0,0,0,0,2.85372,0,0,0,0,0
Koriya,11.7865,0,2.978643155,0.472330991,0,0.992881052,0.992881052,0.45651375,0.671060671,0,0,0.992881052,0,0,0,0.992881052,0.56303416,0.316093066
Surguja,39.4193,0,9.961907956,1.579684981,0,3.320635985,3.320635985,1.526785092,2.244325449,0,0,3.320635985,0,0,0,3.320635985,1.883036734,1.057155846
Jashpur,16.2291,0,0,2.651797753,5.462752247,0,0,0,0,0,0,0,4.86873,0,0,0,0,0
Raigarh,22.9646,0,0,3.75236302,7.72993698,0,0,0,0,0,0,0,6.88938,0,0,0,0,0
Korba,21.5396,0,0,3.519521285,7.250278715,0,0,0,0,0,0,0,6.46188,0,0,0,0,0
Janjgir,20.1191,0,0,3.28741484,6.77213516,0,0,0,0,0,0,0,6.03573,0,0,0,0,0
Bilaspur,31.1081,0,0,5.08299226,10.47105774,0,0,0,0,0,0,0,9.33243,0,0,0,0,0
Kawardha,9.9502,0,0,1.62583988,3.34926012,0,0,0,0,0,0,0,2.98506,0,0,0,0,0
Rajnandgaon,27.9274,0,0,4.563273168,9.400426832,0,0,0,0,0,0,0,8.37822,0,0,0,0,0
Durg,45.2426,0,0,7.392537173,15.228762827,0,0,0,0,0,0,0,13.57278,0,0,0,0,0
Raipur,56.8808,0,0,9.294192385,19.146207615,0,0,0,0,0,0,0,17.06424,0,0,0,0,0
Mahasamund,18.3788,0,0,3.003053807,6.186346193,0,0,0,0,0,0,0,5.51364,0,0,0,0,0
Dhamtari,12.1846,0,0,1.990935721,4.101364279,0,0,0,0,0,0,0,3.65538,0,0,0,0,0
Kanker,12.0773,0,0,1.973403146,4.065246854,0,0,0,0,0,0,0,3.62319,0,0,0,0,0
Bastar,21.2225,0,0,3.467707871,7.143542129,0,0,0,0,0,0,0,6.36675,0,0,0,0,0
Dantewada*,5.43115,5.43115,0,1.77487493,3.65627507,0,0,0,0,0,0,0,3.25869,0,0,0,0,0
Narayanpur,1.6513,0,0,0.269818636,0.555831364,0,0,0,0,0,0,0,0.49539,0,0,0,0,0
Bijapur,0.0822,0.0822,0.041546594,0.006588149,0,0.013848865,0.013848865,0.006367527,0.009360062,0,0,0.013848865,0,0,0,0.013848865,0.007853291,0.004408917
Sheopur,0,13.0399,3.29539803,0.522559614,0,1.09846601,1.09846601,0.505060336,0.742422606,0,0,1.09846601,0,0,0,1.09846601,0.62290834,0.349707035
Morena,0,25.7955,6.518948756,1.033726219,0,2.172982919,2.172982919,0.999109189,1.468658681,0,0,2.172982919,0,0,0,2.172982919,1.232235836,0.691789647
Bhind,0,26.0878,6.592817792,1.045439819,0,2.197605931,2.197605931,1.010430528,1.485300689,0,0,2.197605931,0,0,0,2.197605931,1.246198834,0.699628615
Gwalior,0,23.733,5.997720952,0.951073806,0,1.999240317,1.999240317,0.919224608,1.351230892,0,0,1.999240317,0,0,0,1.999240317,1.133711426,0.636477048
Datia,0,13.8567,3.501816876,0.555291973,0,1.167272292,1.167272292,0.536696567,0.788926857,0,0,1.167272292,0,0,0,1.167272292,0.661926394,0.371612165
Shivpuri,0,27.9817,7.071437592,1.121335773,0,2.357145864,2.357145864,1.083784907,1.59312929,0,0,2.357145864,0,0,0,2.357145864,1.336669321,0.750419661
Guna,0,17.3795,4.3920866,0.696464299,0,1.464028867,1.464028867,0.673141367,0.989496367,0,0,1.464028867,0,0,0,1.464028867,0.830208475,0.466087425
Tikamgarh,0,24.0686,6.082532613,0.964522606,0,2.027510871,2.027510871,0.932223039,1.370338172,0,0,2.027510871,0,0,0,2.027510871,1.14974284,0.645477246
Chhatarpur,0,30.5327,7.716117411,1.223564285,0,2.572039137,2.572039137,1.18259003,1.738369673,0,0,2.572039137,0,0,0,2.572039137,1.458529088,0.818832965
Panna,7.5123,7.5123,3.796964489,0.602094278,0,1.26565483,1.26565483,0.581931574,0.855420876,0,0,1.26565483,0,0,0,1.26565483,0.717716289,0.402933175
Sagar,0,32.0387,0,5.235050168,10.784299832,0,0,0,0,0,0,0,9.61161,0,0,0,0,0
Damoh,0,14.5985,3.689281984,0.58501879,0,1.229760661,1.229760661,0.565427904,0.831161007,0,0,1.229760661,0,0,0,1.229760661,0.697361743,0.391505928
Satna,15.84525,15.84525,0,5.178155085,10.667094915,0,0,0,0,0,0,0,9.50715,0,0,0,0,0
Rewa,17.523,17.523,0,5.726436097,11.796563903,0,0,0,0,0,0,0,10.5138,0,0,0,0,0
Umaria,4.96845,4.96845,2.511218697,0.39821031,0,0.837072899,0.837072899,0.384875195,0.565754277,0,0,0.837072899,0,0,0,0.837072899,0.474679858,0.266490068
Shahdol,8.47235,8.47235,0,2.768725153,5.703624847,0,0,0,0,0,0,0,5.08341,0,0,0,0,0
Sidhi,13.50705,13.50705,0,4.414042041,9.093007959,0,0,0,0,0,0,0,8.10423,0,0,0,0,0
Neemuch,0,13.4335,3.394867248,0.5383327,0,1.131622416,1.131622416,0.520305219,0.764832098,0,0,1.131622416,0,0,0,1.131622416,0.64171038,0.36026269
Mandsaur,0,16.0021,4.043994878,0.641266513,0,1.347998293,1.347998293,0.619792024,0.911074531,0,0,1.347998293,0,0,0,1.347998293,0.764410888,0.429147995
Ratlam,0,20.8753,5.275532979,0.836554629,0,1.758510993,1.758510993,0.808540406,1.188528641,0,0,1.758510993,0,0,0,1.758510993,0.997200781,0.559838593
Ujjain,0,29.3311,7.412453251,1.17541149,0,2.47081775,2.47081775,1.136049757,1.669956955,0,0,2.47081775,0,0,0,2.47081775,1.401129364,0.78660818
Shajapur,0,26.7907,6.770452227,1.073607761,0,2.256817409,2.256817409,1.037655193,1.52532008,0,0,2.256817409,0,0,0,2.256817409,1.279775953,0.718479149
Dewas,0,19.9743,5.047835403,0.800448048,0,1.682611801,1.682611801,0.773642948,1.137230489,0,0,1.682611801,0,0,0,1.682611801,0.954160542,0.535675367
Jhabua,0,19.7961,5.00280132,0.793306879,0,1.66760044,1.66760044,0.76674092,1.127084728,0,0,1.66760044,0,0,0,1.66760044,0.945648033,0.530896359
Dhar,0,34.2191,0,17.10955,0,0,0,0,0,0,0,0,0,0,0,0,10.26573,0
Indore,0,32.584,8.234514789,1.305767871,0,2.744838263,2.744838263,1.262040813,1.855159793,0,0,2.744838263,0,0,0,2.744838263,1.556518481,0.8738452
West Nimar,0,30.3886,7.679700962,1.217789637,0,2.559900321,2.559900321,1.177008761,1.730165385,0,0,2.559900321,0,0,0,2.559900321,1.451645516,0.814968458
Barwani,0,22.6334,0,11.3167,0,0,0,0,0,0,0,0,0,0,0,0,6.79002,0
East Nimar,0,21.4605,0,10.73025,0,0,0,0,0,0,0,0,0,0,0,0,6.43815,0
Rajgarh,0,33.0242,8.345760598,1.323408401,0,2.781920199,2.781920199,1.279090604,1.880222442,0,0,2.781920199,0,0,0,2.781920199,1.577546575,0.885650585
Vidisha,0,18.7587,4.740633212,0.751734218,0,1.580211071,1.580211071,0.726560429,1.068020685,0,0,1.580211071,0,0,0,1.580211071,0.896092046,0.503075127
Bhopal,0,23.9672,6.056907159,0.960459112,0,2.018969053,2.018969053,0.928295623,1.364564995,0,0,2.018969053,0,0,0,2.018969053,1.144899022,0.642757877
Sehore,0,15.8711,4.010889015,0.636016832,0,1.336963005,1.336963005,0.614718142,0.903616087,0,0,1.336963005,0,0,0,1.336963005,0.758153095,0.425634807
Raisen,0,24.5263,0,4.007541221,8.255608779,0,0,0,0,0,0,0,7.35789,0,0,0,0,0
Betul,0,31.3027,0,15.65135,0,0,0,0,0,0,9.39081,0,0,0,0,0,0,0
Harda,0,8.3549,2.111421176,0.334813405,0,0.703807059,0.703807059,0.323601301,0.475683604,0,0,0.703807059,0,0,0,0.703807059,0.39910865,0.224063628
Hoshangabad,0,18.9056,4.777757267,0.757621074,0,1.592585756,1.592585756,0.732250147,1.076384391,0,0,1.592585756,0,0,0,1.592585756,0.903109372,0.507014725
Katni,12.08655,12.08655,0,3.949829151,8.136720849,0,0,0,0,0,0,0,7.25193,0,0,0,0,0
Jabalpur,16.09,16.09,8.132417319,1.289578016,0,2.710805773,2.710805773,1.246393118,1.83215818,0,0,2.710805773,0,0,0,2.710805773,1.537219639,0.863010635
Narsimhapur,0,15.1287,3.823272278,0.606265971,0,1.274424093,1.274424093,0.585963567,0.861347777,0,0,1.274424093,0,0,0,1.274424093,0.722689085,0.405724953
Dindori,6.7073,6.7073,0,6.7073,0,0,0,0,0,0,4.02438,0,0,0,0,0,0,0
Mandla,9.02415,9.02415,4.561103403,0.723265721,0,1.520367801,1.520367801,0.699045274,1.027574285,0,0,1.520367801,0,0,0,1.520367801,0.862156656,0.484023457
Chhindwara,0,37.2107,0,6.080143117,12.525206883,0,0,0,0,0,0,0,11.16321,0,0,0,0,0
Seoni,13.97095,13.97095,0,4.565642435,9.405307565,0,0,0,0,0,0,0,8.38257,0,0,0,0,0
Balaghat,29.9452,0,7.567646461,1.200020871,0,2.52254882,2.52254882,1.159835028,1.704920545,0,0,2.52254882,0,0,0,2.52254882,1.43046456,0.803077255
Ashoknagar,0,16.4988,4.169519169,0.661171217,0,1.389839723,1.389839723,0.639030167,0.93935399,0,0,1.389839723,0,0,0,1.389839723,0.788137954,0.44246861
Anuppur,6.9005,6.9005,0,6.9005,0,0,0,0,0,0,4.1403,0,0,0,0,0,0,0
Burhanpur,0,13.3181,3.365703763,0.533708172,0,1.121901254,1.121901254,0.515835556,0.758261835,0,0,1.121901254,0,0,0,1.121901254,0.63619779,0.357167866
Alirajpur,0,10.5711,0,1.727293518,3.558256482,0,0,0,0,0,0,0,3.17133,0,0,0,0,0
Singrauli,5.98815,5.98815,0,1.956899978,4.031250022,0,0,0,0,0,0,0,3.59289,0,0,0,0,0
Kachchh,0,42.5126,0,21.2563,0,0,0,0,0,0,0,0,0,0,0,0,12.75378,0
Banas,0,48.4763,0,24.23815,0,0,0,0,0,0,0,0,0,0,0,0,14.54289,0
Patan,0,22.4837,0,11.24185,0,0,0,0,0,0,0,0,0,0,0,0,6.74511,0
Mahesana,0,31.8821,0,15.94105,0,0,0,0,0,0,0,0,0,0,0,0,9.56463,0
Sabar,19.14155,19.14155,9.674771456,1.534153019,0,3.224923819,3.224923819,1.482777887,2.17963626,0,0,3.224923819,0,0,0,3.224923819,1.82876113,1.026684973
Gandhinagar,0,22.2654,5.626834201,0.892261354,0,1.8756114,1.8756114,0.862381645,1.267673547,0,0,1.8756114,0,0,0,1.8756114,1.063605039,0.597118614
Ahmadabad,0,114.2711,28.878193683,4.57928833,0,9.626064561,9.626064561,4.425938865,6.505989143,0,0,9.626064561,0,0,0,9.626064561,5.458663115,3.064548619
Surendranagar,0,29.7723,0,14.88615,0,0,0,0,0,0,0,0,0,0,0,0,8.93169,0
Rajkot,0,64.207,16.226169012,2.573024727,0,5.408723004,5.408723004,2.486860253,3.655605354,0,0,5.408723004,0,0,0,5.408723004,3.067130558,1.721918081
Jamnagar,0,33.0467,8.351446719,1.324310063,0,2.783815573,2.783815573,1.279962072,1.881503472,0,0,2.783815573,0,0,0,2.783815573,1.578621387,0.886253995
Porbandar,0,9.6589,0,4.82945,0,0,0,0,0,0,0,0,0,0,0,0,2.89767,0
Junagadh,0,43.4215,10.973329976,1.740068733,0,3.657776659,3.657776659,1.681797974,2.472189448,0,0,3.657776659,0,0,0,3.657776659,2.07421947,1.164487765
Amreli,0,23.0331,5.820844666,0.923026085,0,1.940281555,1.940281555,0.892116138,1.311382305,0,0,1.940281555,0,0,0,1.940281555,1.100277615,0.617706969
Bhavnagar,0,50.5485,12.774440549,2.0256754,0,4.25814685,4.25814685,1.957840353,2.877962951,0,0,4.25814685,0,0,0,4.25814685,2.414672061,1.355621289
Anand,15.8095,15.8095,0,15.8095,0,0,0,0,0,0,0,0,0,0,0,0,9.4857,0
Kheda,15.2907,15.2907,7.728424705,1.225515884,0,2.576141568,2.576141568,1.184476274,1.741142392,0,0,2.576141568,0,0,0,2.576141568,1.460855459,0.820139013
Panch Mahals,19.842,19.842,0,19.842,0,0,0,0,0,0,0,0,0,0,0,0,11.9052,0
Dohad,15.2433,15.2433,7.70446718,1.221716879,0,2.568155727,2.568155727,1.180804489,1.735744984,0,0,2.568155727,0,0,0,2.568155727,1.456326919,0.817596645
Vadodara,37.7775,37.7775,0,37.7775,0,0,0,0,0,0,0,0,0,0,0,0,22.6665,0
Narmada,5.6921,5.6921,0,5.6921,0,0,0,0,0,0,0,0,0,0,0,0,3.41526,0
Bharuch,11.8007,11.8007,5.964463459,0.945800081,0,1.988154486,1.988154486,0.914127487,1.343738287,0,0,1.988154486,0,0,0,1.988154486,1.127424971,0.632947769
Surat,46.58105,46.58105,23.543600855,3.733368431,0,7.847866952,7.847866952,3.60834681,5.304154867,0,0,7.847866952,0,0,0,7.847866952,4.450298623,2.498442606
The Dangs,2.37675,2.37675,0,0,0,0,0,2.37675,1.42605,0,0,0,0,0,0,0,0,0
Navsari,15.67125,15.67125,0,0,0,0,0,15.67125,9.40275,0,0,0,0,0,0,0,0,0
Valsad,15.36205,15.36205,0,0,0,0,0,15.36205,9.21723,0,0,0,0,0,0,0,0,0
Diu,0.6716,0.6716,0.339448817,0.053827259,0,0.113149606,0.113149606,0.052024712,0.07647467,0,0,0.113149606,0,0,0,0.113149606,0.064163873,0.036022246
Daman,0.55425,0.55425,0.280136252,0.044421915,0,0.093378751,0.093378751,0.042934331,0.063112099,0,0,0.093378751,0,0,0,0.093378751,0.052952392,0.029728008
Dadra & Nagar Haveli,2.0019,2.0019,0,0,0,0,0,2.0019,1.20114,0,0,0,0,0,0,0,0,0
Nandurbar,12.1927,12.1927,6.162593204,0.977218016,0,2.054197735,2.054197735,0.944493311,1.38837508,0,0,2.054197735,0,0,0,2.054197735,1.164876189,0.653973261
Dhule,17.05735,17.05735,8.621347953,1.367108986,0,2.873782651,2.873782651,1.32132776,1.942309716,0,0,2.873782651,0,0,0,2.873782651,1.629639118,0.914895864
Jalgaon,0,66.1181,16.709135536,2.649609952,0,5.569711845,5.569711845,2.560880822,3.764413231,0,0,5.569711845,0,0,0,5.569711845,3.158422678,1.7731704
Buldana,0,44.7458,11.308002451,1.793138596,0,3.76933415,3.76933415,1.733090653,2.547588052,0,0,3.76933415,0,0,0,3.76933415,2.137480501,1.200003147
Akola,0,28.6364,7.236891091,1.147572154,0,2.41229703,2.41229703,1.109142694,1.630404429,0,0,2.41229703,0,0,0,2.41229703,1.367943955,0.767977556
Washim,0,20.4451,5.166814336,0.819314839,0,1.722271445,1.722271445,0.791877935,1.164035339,0,0,1.722271445,0,0,0,1.722271445,0.97665038,0.54830139
Amravati,0,52.3707,13.234940575,2.098698055,0,4.411646858,4.411646858,2.028417653,2.981709335,0,0,4.411646858,0,0,0,4.411646858,2.501717481,1.404489467
Wardha,13.2076,13.2076,6.675557177,1.058560013,0,2.225185726,2.225185726,1.023111358,1.503941105,0,0,2.225185726,0,0,0,2.225185726,1.261838539,0.708408904
Nagpur,42.2169,42.2169,21.337815334,3.383591433,0,7.112605111,7.112605111,3.270283011,4.807211851,0,0,7.112605111,0,0,0,7.112605111,4.033352875,2.264365051
Bhandara,10.48235,10.48235,5.298125835,0.840137236,0,1.766041945,1.766041945,0.812003039,1.193618602,0,0,1.766041945,0,0,0,1.766041945,1.001471366,0.562236142
Gondiya,22.458,0,5.675507401,0.899979586,0,1.8918358,1.8918358,0.869841412,1.278639168,0,0,1.8918358,0,0,0,1.8918358,1.072805427,0.602283805
Gadchiroli,11.51265,11.51265,5.818873477,0.922713508,0,1.939624492,1.939624492,0.89181403,1.310938215,0,0,1.939624492,0,0,0,1.939624492,1.099905014,0.617497787
Chandrapur,20.7988,20.7988,10.512400332,1.666977952,0,3.504133444,3.504133444,1.611154829,2.368346275,0,0,3.504133444,0,0,0,3.504133444,1.987092842,1.115573996
Yavatmal,0,47.7198,12.059581354,1.912318366,0,4.019860451,4.019860451,1.848279376,2.716911806,0,0,4.019860451,0,0,0,4.019860451,2.279546728,1.279760562
Nanded,20.1759,20.1759,0,20.1759,0,0,0,0,0,0,0,0,0,0,0,0,12.10554,0
Hingoli,0,13.6819,3.45764203,0.548287056,0,1.152547343,1.152547343,0.529926228,0.778974674,0,0,1.152547343,0,0,0,1.152547343,0.653576301,0.366924338
Parbhani,0,16.3336,4.127770402,0.65455101,0,1.375923467,1.375923467,0.632631654,0.92994838,0,0,1.375923467,0,0,0,1.375923467,0.780246448,0.438038238
Jalna,0,24.144,6.101587438,0.967544177,0,2.033862479,2.033862479,0.935143426,1.374631047,0,0,2.033862479,0,0,0,2.033862479,1.153344654,0.64749934
Aurangabad,0,35.8608,9.062616252,1.437082018,0,3.020872084,3.020872084,1.388957562,2.041723371,0,0,3.020872084,0,0,0,3.020872084,1.713049286,0.961723175
Nashik,0,94.892,0,0,0,0,0,47.446,28.4676,0,0,0,0,0,0,0,0,0
Thane,95.58755,95.58755,0,0,0,0,0,95.58755,57.35253,0,0,0,0,0,0,0,0,0
Mumbai,112.34115,112.34115,56.780926905,9.003895424,0,18.926975635,18.926975635,8.7023764,12.792216094,0,0,18.926975635,0,0,0,18.926975635,10.732941082,6.025581553
Raigarh,49.6488,0,0,0,0,0,0,24.8244,14.89464,0,0,0,0,0,0,0,0,0
Pune,88.10215,88.10215,0,88.10215,0,0,0,0,0,0,0,0,0,0,0,0,52.86129,0
Ahmadnagar,0,84.1251,0,0,0,0,0,42.06255,25.23753,0,0,0,0,0,0,0,0,0
Bid,0,38.636,9.763955113,1.548295098,0,3.254651704,3.254651704,1.49644638,2.19972851,0,0,3.254651704,0,0,0,3.254651704,1.845618955,1.036149127
Latur,17.3064,17.3064,8.747226047,1.387069794,0,2.915742016,2.915742016,1.340620128,1.970668883,0,0,2.915742016,0,0,0,2.915742016,1.653433061,0.928254024
Osmanabad,0,25.7081,6.496861333,1.03022376,0,2.165620444,2.165620444,0.995724019,1.463682589,0,0,2.165620444,0,0,0,2.165620444,1.228060789,0.689445734
Solapur,36.78235,36.78235,0,36.78235,0,0,0,0,0,0,0,0,0,0,0,0,22.06941,0
Satara,31.32775,31.32775,0,0,0,0,0,31.32775,18.79665,0,0,0,0,0,0,0,0,0
Ratnagiri,19.16075,19.16075,0,0,0,0,0,19.16075,11.49645,0,0,0,0,0,0,0,0,0
Sindhudurg,9.2158,9.2158,4.657969641,0.738626046,0,1.552656547,1.552656547,0.713891218,1.04939735,0,0,1.552656547,0,0,0,1.552656547,0.880466672,0.494302884
Kolhapur,33.32295,33.32295,0,0,0,0,0,33.32295,19.99377,0,0,0,0,0,0,0,0,0
Sangli,25.1222,25.1222,12.697589458,2.013488928,0,4.232529819,4.232529819,1.946061976,2.860649114,0,0,4.232529819,0,0,0,4.232529819,2.400145383,1.347465865
Adilabad,53.7226,0,13.576588026,2.152873957,0,4.525529342,4.525529342,2.080779333,3.058679337,0,0,4.525529342,0,0,0,4.525529342,2.566296947,1.440745032
Nizamabad,51.4289,0,12.996932165,2.060956459,0,4.332310722,4.332310722,1.991939933,2.928088249,0,0,4.332310722,0,0,0,4.332310722,2.45672825,1.379232059
Karimnagar,95.4737,0,24.127780342,3.826003253,0,8.042593447,8.042593447,3.697879511,5.435765086,0,0,8.042593447,0,0,0,8.042593447,4.560722393,2.560435626
Medak,55.6944,0,14.074894442,2.231891668,0,4.691631481,4.691631481,2.157150929,3.17094315,0,0,4.691631481,0,0,0,4.691631481,2.660488671,1.493625218
Hyderabad and Rangar,138.2552,0,34.939371751,5.540424692,0,11.64645725,11.64645725,5.354889057,7.871516335,0,0,11.64645725,0,0,0,11.64645725,6.60436944,3.707759725
Rangareddi,41.9502,0,10.601508173,1.681108008,0,3.533836058,3.533836058,1.624811703,2.388421445,0,0,3.533836058,0,0,0,3.533836058,2.003936336,1.125030104
Mahbubnagar,68.8751,0,17.405874956,2.760093687,0,5.801958319,5.801958319,2.667664719,3.921382159,0,0,5.801958319,0,0,0,5.801958319,3.290122944,1.847108259
Nalgonda,76.3013,0,19.282598309,3.057690463,0,6.42753277,6.42753277,2.955295688,4.344190521,0,0,6.42753277,0,0,0,6.42753277,3.644868142,2.046265797
Warangal,85.8923,0,21.706402365,3.442039213,0,7.235467455,7.235467455,3.326773513,4.89025109,0,0,7.235467455,0,0,0,7.235467455,4.103024561,2.303479439
Khammam,68.7428,0,17.372440562,2.75479191,0,5.790813521,5.790813521,2.662540487,3.9138497,0,0,5.790813521,0,0,0,5.790813521,3.283803051,1.843560207
Srikakulam,64.3134,0,16.253058049,2.577288589,0,5.417686016,5.417686016,2.490981329,3.661663204,0,0,5.417686016,0,0,0,5.417686016,3.072213223,1.72477154
Vizianagaram,55.9955,0,14.150987383,2.243957919,0,4.716995794,4.716995794,2.168813109,3.188086183,0,0,4.716995794,0,0,0,4.716995794,2.674872041,1.501700187
Visakhapatnam,96.9395,0,24.498212203,3.884743571,0,8.166070734,8.166070734,3.754652756,5.519219948,0,0,8.166070734,0,0,0,8.166070734,4.630742796,2.599745788
East Godavari,131.9255,0,33.339752052,5.286768944,0,11.113250684,11.113250684,5.109727637,7.511136856,0,0,11.113250684,0,0,0,11.113250684,6.302003401,3.538008375
West Godavari,93.4781,0,23.623459273,3.746031783,0,7.874486424,7.874486424,3.620586096,5.322146227,0,0,7.874486424,0,0,0,7.874486424,4.465393757,2.506917167
Krishna,115.6859,0,0,57.84295,0,0,0,0,0,0,34.70577,0,0,0,0,0,0,0
Guntur,108.1727,0,27.337027313,4.334901675,0,9.112342438,9.112342438,4.189736137,6.158778657,0,0,9.112342438,0,0,0,9.112342438,5.167346141,2.901000327
Prakasam,74.5913,0,18.850453076,2.989164099,0,6.283484359,6.283484359,2.889064109,4.246832209,0,0,6.283484359,0,0,0,6.283484359,3.56318245,2.000406624
Nellore,58.5811,0,14.804411194,2.347572987,0,4.934803731,4.934803731,2.268958356,3.335296506,0,0,4.934803731,0,0,0,4.934803731,2.798384629,1.571041402
Cuddapah,61.2159,0,15.470268656,2.453159692,0,5.156756219,5.156756219,2.371009214,3.485308016,0,0,5.156756219,0,0,0,5.156756219,2.924247473,1.641702074
Kurnool,79.3699,0,20.058084194,3.180661225,0,6.686028065,6.686028065,3.074148452,4.518900297,0,0,6.686028065,0,0,0,6.686028065,3.791453356,2.128560217
Anantapur,87.2592,0,0,43.6296,0,0,0,0,0,0,26.17776,0,0,0,0,0,0,0
Chittoor,87.2673,0,22.053887567,3.497140821,0,7.351295856,7.351295856,3.3800299,4.968536282,0,0,7.351295856,0,0,0,7.351295856,4.168707501,2.340354505
Belgaum,41.2165,41.2165,20.832180139,3.303411579,0,6.944060046,6.944060046,3.192788189,4.693296932,0,0,6.944060046,0,0,0,6.944060046,3.937775838,2.210707137
Bagalkot,16.4846,16.4846,8.331861189,1.321204336,0,2.777287063,2.777287063,1.276960348,1.877091034,0,0,2.777287063,0,0,0,2.777287063,1.574919258,0.884175582
Bijapur,15.79745,15.79745,7.984552889,1.266130779,0,2.66151763,2.66151763,1.223731073,1.798845696,0,0,2.66151763,0,0,0,2.66151763,1.509269756,0.847319289
Gulbarga,45.6801,0,11.544115487,1.830579638,0,3.848038496,3.848038496,1.769277883,2.600782128,0,0,3.848038496,0,0,0,3.848038496,2.182111461,1.225059419
Bidar,23.7877,0,6.011544545,0.953265848,0,2.003848182,2.003848182,0.921343244,1.354345219,0,0,2.003848182,0,0,0,2.003848182,1.136324413,0.637944005
Raichur,27.7166,0,0,13.8583,0,0,0,0,0,0,0,0,0,0,0,0,8.31498,0
Koppal,23.3343,0,5.896962879,0.935096343,0,1.965654293,1.965654293,0.903782192,1.328531032,0,0,1.965654293,0,0,0,1.965654293,1.114665762,0.62578462
Gadag,18.2296,0,4.606920906,0.730531119,0,1.535640302,1.535640302,0.706067371,1.037896543,0,0,1.535640302,0,0,0,1.535640302,0.870817251,0.488885602
Dharwad,23.396,0,0,11.698,0,0,0,0,0,0,7.0188,0,0,0,0,0,0,0
Uttara,25.9476,0,6.557386937,1.039821459,0,2.185795646,2.185795646,1.005000313,1.477318446,0,0,2.185795646,0,0,0,2.185795646,1.239501563,0.6958687
Haveri,30.3873,0,7.67937243,1.217737541,0,2.55979081,2.55979081,1.176958409,1.73009137,0,0,2.55979081,0,0,0,2.55979081,1.451583416,0.814933594
Bellary,38.5767,0,9.748969024,1.545918716,0,3.249656341,3.249656341,1.494149578,2.196352283,0,0,3.249656341,0,0,0,3.249656341,1.842786229,1.034558806
Chitradurga,26.7347,0,0,0,0,0,0,13.36735,8.02041,0,0,0,0,0,0,0,0,0
Davanagere,38.207,0,9.65553973,1.531103396,0,3.218513243,3.218513243,1.479830388,2.17530353,0,0,3.218513243,0,0,0,3.218513243,1.825125877,1.024644106
Shimoga,36.564,0,9.240326503,1.465261982,0,3.080108834,3.080108834,1.416193847,2.081759842,0,0,3.080108834,0,0,0,3.080108834,1.746640736,0.980581754
Udupi,16.3068,0,4.120997599,0.653477029,0,1.373665866,1.373665866,0.631593639,0.92842253,0,0,1.373665866,0,0,0,1.373665866,0.778966228,0.43731951
Chikmagalur,26.5689,0,6.714399705,1.064719371,0,2.238133235,2.238133235,1.029064454,1.512691966,0,0,2.238133235,0,0,0,2.238133235,1.269180698,0.712530866
Tumkur,50.9514,0,0,0,0,0,0,25.4757,15.28542,0,0,0,0,0,0,0,0,0
Kolar,28.1667,0,0,0,0,0,0,14.08335,8.45001,0,0,0,0,0,0,0,0,0
Bangalore,99.4832,0,0,0,0,0,0,49.7416,29.84496,0,0,0,0,0,0,0,0,0
Bangalore Rural,15.9857,0,0,0,0,0,0,7.99285,4.79571,0,0,0,0,0,0,0,0,0
Mandya,40.2216,0,0,0,0,0,0,20.1108,12.06648,0,0,0,0,0,0,0,0,0
Hassan,33.267,0,0,0,0,0,0,16.6335,9.9801,0,0,0,0,0,0,0,0,0
Dakshina Kannada,32.3586,0,8.177552488,1.296735214,0,2.725850829,2.725850829,1.253310639,1.842326715,0,0,2.725850829,0,0,0,2.725850829,1.545751255,0.867800371
Kodagu,9.8827,0,2.497521462,0.396038305,0,0.832507154,0.832507154,0.382775925,0.562668417,0,0,0.832507154,0,0,0,0.832507154,0.472090756,0.26503652
Mysore,51.9404,0,0,0,0,0,0,25.9702,15.58212,0,0,0,0,0,0,0,0,0
Chamarajanagar,21.6424,0,0,0,0,0,0,10.8212,6.49272,0,0,0,0,0,0,0,0,0
Ramanagar,19.4949,0,0,0,0,0,0,9.74745,5.84847,0,0,0,0,0,0,0,0,0
Chikkaballapura,22.0218,0,0,0,0,0,0,11.0109,6.60654,0,0,0,0,0,0,0,0,0
North Goa,17.485,0,4.418748192,0.700692095,0,1.472916064,1.472916064,0.677227585,0.995502976,0,0,1.472916064,0,0,0,1.472916064,0.835248147,0.468916748
South Goa,13.5355,0,3.420644333,0.542420237,0,1.140214778,1.140214778,0.524255875,0.770639436,0,0,1.140214778,0,0,0,1.140214778,0.64658286,0.362998149
Lakshadweep,0.9606,0,0,0.4803,0,0,0,0,0,0,0.28818,0,0,0,0,0,0,0
Kasaragod,22.4991,0,5.685894049,0.901626624,0,1.895298016,1.895298016,0.871433294,1.280979183,0,0,1.895298016,0,0,0,1.895298016,1.07476875,0.603386034
Kannur,46.7915,0,11.824984617,1.875117767,0,3.941661539,3.941661539,1.812324537,2.664059338,0,0,3.941661539,0,0,0,3.941661539,2.235202384,1.2548652
Wayanad,16.7647,0,4.236716489,0.671826867,0,1.41223883,1.41223883,0.649328984,0.954492922,0,0,1.41223883,0,0,0,1.41223883,0.800839841,0.449599577
Kozhikode,61.7861,0,15.614367611,2.476009828,0,5.204789204,5.204789204,2.393094153,3.517772173,0,0,5.204789204,0,0,0,5.204789204,2.951485591,1.656993828
Malappuram,71.3806,0,18.039056174,2.860498836,0,6.013018725,6.013018725,2.76470754,4.064032014,0,0,6.013018725,0,0,0,6.013018725,3.409809203,1.914301334
Palakkad,59.9013,0,15.138047531,2.400478547,0,5.046015844,5.046015844,2.320092234,3.410461678,0,0,5.046015844,0,0,0,5.046015844,2.861449806,1.606446829
Thrissur,66.859,0,16.896373199,2.679300702,0,5.6321244,5.6321244,2.5895773,3.80659614,0,0,5.6321244,0,0,0,5.6321244,3.193815035,1.793040026
Ernakulam,70.2139,0,17.744211821,2.81374462,0,5.914737274,5.914737274,2.719519011,3.997606316,0,0,5.914737274,0,0,0,5.914737274,3.354076631,1.883012505
Idukki,28.1194,0,0,14.0597,0,0,0,0,0,0,8.43582,0,0,0,0,0,0,0
Kottayam,40.299,0,10.184222671,1.614937989,0,3.39474089,3.39474089,1.56085756,2.294410892,0,0,3.39474089,0,0,0,3.39474089,1.925059485,1.080747843
Alappuzha,49.7774,0,12.579570847,1.994774417,0,4.193190282,4.193190282,1.927974171,2.834060615,0,0,4.193190282,0,0,0,4.193190282,2.377837068,1.334941752
Pathanamthitta,29.148,0,7.366180858,1.16807396,0,2.455393619,2.455393619,1.128957943,1.659532214,0,0,2.455393619,0,0,0,2.455393619,1.392382785,0.781697762
Kollam,63.7472,0,16.10996996,2.554598749,0,5.369989987,5.369989987,2.469051318,3.629426785,0,0,5.369989987,0,0,0,5.369989987,3.045166182,1.709587059
Thiruvananthapuram,69.799,0,17.639359741,2.79711796,0,5.87978658,5.87978658,2.703449138,3.973984115,0,0,5.87978658,0,0,0,5.87978658,3.334257103,1.871885622
Thiruvallur,86.3083,0,21.811532433,3.458709954,0,7.270510811,7.270510811,3.342885991,4.913935919,0,0,7.270510811,0,0,0,7.270510811,4.122896636,2.314635823
Chennai,100.163,0,25.312843876,4.013921779,0,8.437614625,8.437614625,3.879505094,5.702748906,0,0,8.437614625,0,0,0,8.437614625,4.784727491,2.686194351
Kancheepuram,94.947,0,23.994674556,3.804896331,0,7.998224852,7.998224852,3.67747941,5.405777587,0,0,7.998224852,0,0,0,7.998224852,4.535562245,2.546310465
Vellore,77.229,0,19.517043416,3.094867018,0,6.505681139,6.505681139,2.991227288,4.397008829,0,0,6.505681139,0,0,0,6.505681139,3.689183825,2.071145069
Dharmapuri,37.1656,0,9.392360756,1.489370439,0,3.130786919,3.130786919,1.439494968,2.116011748,0,0,3.130786919,0,0,0,3.130786919,1.775378813,0.996715601
Tiruvannamalai,56.788,0,14.351265218,2.275716482,0,4.783755073,4.783755073,2.199508154,3.233206922,0,0,4.783755073,0,0,0,4.783755073,2.712729299,1.522953634
Viluppuram,72.1674,0,18.237893525,2.892028979,0,6.079297842,6.079297842,2.795181813,4.108828224,0,0,6.079297842,0,0,0,6.079297842,3.447394175,1.935401917
Salem,80.405,0,20.319671055,3.222141716,0,6.773223685,6.773223685,3.11423986,4.57783339,0,0,6.773223685,0,0,0,6.773223685,3.840899473,2.156319767
Namakkal,43.6865,0,11.040299851,1.750688316,0,3.68009995,3.68009995,1.692061932,2.487277139,0,0,3.68009995,0,0,0,3.68009995,2.086878364,1.171594596
Erode,73.3302,0,18.531752284,2.938626907,0,6.177250761,6.177250761,2.840219287,4.175031877,0,0,6.177250761,0,0,0,6.177250761,3.502940446,1.966586155
The Nilgiris,17.1743,0,4.340229172,0.688241135,0,1.446743057,1.446743057,0.665193578,0.97781337,0,0,1.446743057,0,0,0,1.446743057,0.820406191,0.460584324
Coimbatore,126.8023,0,32.045034824,5.081462353,0,10.681678275,10.681678275,4.911296275,7.219449075,0,0,10.681678275,0,0,0,10.681678275,6.057271156,3.400613221
Dindigul,52.185,0,13.188011119,2.091256333,0,4.396003706,4.396003706,2.021225136,2.971136564,0,0,4.396003706,0,0,0,4.396003706,2.492846701,1.399509322
Karur,27.4435,0,6.935425565,1.099768002,0,2.311808522,2.311808522,1.062939389,1.562487042,0,0,2.311808522,0,0,0,2.311808522,1.310959825,0.73598609
Tiruchirappalli,60.5682,0,15.306584172,2.427203829,0,5.102194724,5.102194724,2.345922551,3.44843142,0,0,5.102194724,0,0,0,5.102194724,2.893307226,1.624331906
Perambalur,14.1437,0,3.574346514,0.566793182,0,1.191448838,1.191448838,0.547812627,0.805267112,0,0,1.191448838,0,0,0,1.191448838,0.675636215,0.379308997
Ariyalur,21.8883,0,5.531534804,0.877149487,0,1.843844935,1.843844935,0.847775839,1.246203477,0,0,1.843844935,0,0,0,1.843844935,1.045591194,0.587005459
Cuddalore,55.6259,0,14.057583361,2.229146606,0,4.68586112,4.68586112,2.154497793,3.167043124,0,0,4.68586112,0,0,0,4.68586112,2.657216467,1.491788169
Nagapattinam,35.4606,0,0,17.7303,0,0,0,0,0,0,10.63818,0,0,0,0,0,0,0
Thiruvarur,27.8103,0,7.028121982,1.114467107,0,2.342707327,2.342707327,1.077146257,1.583370685,0,0,2.342707327,0,0,0,2.342707327,1.328481644,0.745823016
Thanjavur,56.4905,0,14.276082056,2.263794498,0,4.758694019,4.758694019,2.187985409,3.216268853,0,0,4.758694019,0,0,0,4.758694019,2.698517899,1.514975211
Pudukkottai,36.0923,0,9.121120124,1.446359125,0,3.040373375,3.040373375,1.397924001,2.05490375,0,0,3.040373375,0,0,0,3.040373375,1.724107904,0.967931595
Sivaganga,34.1056,0,8.619048232,1.366744313,0,2.873016077,2.873016077,1.3209753,1.941791611,0,0,2.873016077,0,0,0,2.873016077,1.629204416,0.914651818
Madurai,67.4462,0,17.044768334,2.702832095,0,5.681589445,5.681589445,2.612320682,3.840028187,0,0,5.681589445,0,0,0,5.681589445,3.221865233,1.808787691
Theni,28.1851,0,7.12284013,1.129486804,0,2.374280043,2.374280043,1.09166298,1.604709805,0,0,2.374280043,0,0,0,2.374280043,1.34638562,0.755874489
Virudhunagar,46.8405,0,11.837367726,1.877081388,0,3.945789242,3.945789242,1.814222401,2.666849137,0,0,3.945789242,0,0,0,3.945789242,2.237543085,1.256179293
Ramanathapuram,30.3284,0,7.664487428,1.215377188,0,2.554829143,2.554829143,1.174677099,1.726737917,0,0,2.554829143,0,0,0,2.554829143,1.448769798,0.813354001
Thoothukkudi,37.4518,0,9.464688221,1.500839588,0,3.154896074,3.154896074,1.450580043,2.132306455,0,0,3.154896074,0,0,0,3.154896074,1.789050418,1.004390979
Tirunelveli,77.0481,0,19.471326999,3.08761765,0,6.490442333,6.490442333,2.984220685,4.386709344,0,0,6.490442333,0,0,0,6.490442333,3.680542338,2.066293651
Kanniyakumari,39.8092,0,10.060442124,1.595309794,0,3.353480708,3.353480708,1.541886667,2.266524283,0,0,3.353480708,0,0,0,3.353480708,1.901662027,1.067612274
Krishnagiri,33.0718,0,8.357789903,1.325315918,0,2.785929968,2.785929968,1.280934243,1.882932533,0,0,2.785929968,0,0,0,2.785929968,1.579820399,0.886927132
Yanam,1.2394,0,0.313216844,0.049667588,0,0.104405615,0.104405615,0.048004339,0.070564849,0,0,0.104405615,0,0,0,0.104405615,0.059205408,0.033238514
Pondicherry,20.7969,0,5.255720004,0.833412836,0,1.751906668,1.751906668,0.805503824,1.184064961,0,0,1.751906668,0,0,0,1.751906668,0.993455659,0.557736043
Mahe,0.4688,0,0.1184735,0.018786643,0,0.039491167,0.039491167,0.018157523,0.026690981,0,0,0.039491167,0,0,0,0.039491167,0.0223943,0.012572386
Karaikal,3.9292,0,0.992973714,0.157458357,0,0.330991238,0.330991238,0.152185452,0.223707766,0,0,0.330991238,0,0,0,0.330991238,0.187695569,0.105374189
South Andamans,4.6675,0,1.179554314,0.187044916,0,0.393184771,0.393184771,0.180781227,0.265742645,0,0,0.393184771,0,0,0,0.393184771,0.222963725,0.125174088
Nicobars,0.5244,0,0,0.2622,0,0,0,0,0,0,0.15732,0,0,0,0,0,0,0
North and Middle Andamans,2.3851,0,0.60275415,0.095580253,0,0.20091805,0.20091805,0.092379497,0.135794918,0,0,0.20091805,0,0,0,0.20091805,0.113934822,0.06396416
